timestamp,client,AP
2015-03-02 13:00:05,bb9dcee19487f075733d6bdc544c8b791a61e4c9,Bldg3AP92
2015-03-02 13:00:16,5028c086eb71ebbac2e877292748d0d12866c5e0,Bldg3AP91
2015-03-02 13:00:23,23efaea407bd357f73da1e2e3db5abb57266b064,Bldg3AP92
2015-03-02 13:00:40,19ea72b6d59df1abebd04f62144ed4d9590bd17b,Bldg3AP91
2015-03-02 13:00:46,7cfb5bf448d88043646794d12ccb6896bfdb5147,Bldg3AP92
2015-03-02 13:00:47,96a5d1ed69386474b336464c67ff3c6f9bef2e2e,Bldg3AP92
2015-03-02 13:00:51,e028c98da7e12a9d4a036dba175fc54d99eecc15,Bldg3AP91
2015-03-02 13:01:10,d09dd3b8a9a3228ffa6841e6fdde78cd94397a8f,Bldg3AP92
2015-03-02 13:01:15,9e5405c1c810d56f97cf90ea406cdefcf0ba4dcd,Bldg3AP91
2015-03-02 13:01:16,e2e33e9d5db0cd4251e3ffd0e556104176be4893,Bldg3AP91
2015-03-02 13:01:21,b4a7fe9502f67542571b2baeb1a319996815d6cb,Bldg3AP91
2015-03-02 13:01:23,e2e33e9d5db0cd4251e3ffd0e556104176be4893,Bldg3AP91
2015-03-02 13:01:34,bb9dcee19487f075733d6bdc544c8b791a61e4c9,Bldg3AP91
2015-03-02 13:01:34,13c2d2cd5bfbc2e848bb318211305343f5d0f9f0,Bldg3AP95
2015-03-02 13:01:35,c0c0091c410fb0a8d592af3d31956c294f5f1238,Bldg3AP95
2015-03-02 13:01:40,9e5405c1c810d56f97cf90ea406cdefcf0ba4dcd,Bldg3AP92
2015-03-02 13:01:42,8dd2b2954f41157103ed9776b5a256fb26c25ff0,Bldg3AP95
2015-03-02 13:01:47,13c2d2cd5bfbc2e848bb318211305343f5d0f9f0,Bldg3AP94
2015-03-02 13:01:51,d6ccfd79cc14b0d295dfb80dcebb90ad7edf9778,Bldg3AP94
2015-03-02 13:02:11,9985fa54aa1aa523df81d7c722d9908180a03770,Bldg3AP94
2015-03-02 13:02:11,d978dcd89de7e34e282ad5ba5e4d4f34053c4d8d,Bldg3AP94
2015-03-02 13:02:17,8dd2b2954f41157103ed9776b5a256fb26c25ff0,Bldg3AP91
2015-03-02 13:02:22,ddb6cc664cf4db0417ce051f62f4dccf269ccea8,Bldg3AP91
2015-03-02 13:02:23,bea20072b6e15f8b4c8ac8505e955dfe3965e62e,Bldg3AP94
2015-03-02 13:02:27,9985fa54aa1aa523df81d7c722d9908180a03770,Bldg3AP95
2015-03-02 13:02:40,bc0c4a3f7a596248d7b1e857ca73ecfbf2b9d035,Bldg3AP94
2015-03-02 13:02:52,9b5c9fc20cc66fa7fbcb878b82074461226d191c,Bldg3AP91
2015-03-02 13:02:52,edff912f90b25063cb29b5b5bae51a40b2e8915d,Bldg3AP91
2015-03-02 13:02:57,070e89fb87e2e51fdafa0b5a3d34a7e9ac36a698,Bldg3AP95
2015-03-02 13:03:15,d87ebad158140e90517e645025869e90e0220b2a,Bldg3AP91
2015-03-02 13:03:15,f3d10347ccfdc556464fd571ec3d78806deee12b,Bldg3AP91
2015-03-02 13:03:39,565f124cdc8ecf323520239dca39fe1d0520a538,Bldg3AP94
2015-03-02 13:03:40,709f2ac793120b160e0c79e9df48cad096aca0bc,Bldg3AP92
2015-03-02 13:03:53,93a8d6440b7a6dddd0671907472aea5c805631e2,Bldg3AP94
2015-03-02 13:03:57,b66d3a700cb1d3721c5ba6b5c921ca0a7429c36b,Bldg3AP91
2015-03-02 13:03:58,709f2ac793120b160e0c79e9df48cad096aca0bc,Bldg3AP94
2015-03-02 13:04:03,070e89fb87e2e51fdafa0b5a3d34a7e9ac36a698,Bldg3AP94
2015-03-02 13:04:04,7d3863b534300a81a308315e709a09226362a295,Bldg3AP92
2015-03-02 13:04:09,070e89fb87e2e51fdafa0b5a3d34a7e9ac36a698,Bldg3AP95
2015-03-02 13:04:15,013d3edf931879a48ce5e53d6ab03cd79fbb348e,Bldg3AP95
2015-03-02 13:04:22,e2e71b1ff5b2b0f9171c13711924d76f22508136,Bldg3AP91
2015-03-02 13:04:22,956352765ed7f20c6f31cbb90099db4c1a0b1ff4,Bldg3AP91
2015-03-02 13:04:28,512968ca64db4539cdb3a7154076baaf56c36031,Bldg3AP95
2015-03-02 13:04:29,3e650fdda38009de9fc8feaeac48b1b9cec713f0,Bldg3AP91
2015-03-02 13:04:40,b70e50d6b1cbf15582843d843ace731b747f171e,Bldg3AP94
2015-03-02 13:04:52,437ba0b0ea3ba8c1ab5d654aa84c6a816e688ac7,Bldg3AP91
2015-03-02 13:04:52,b4a7fe9502f67542571b2baeb1a319996815d6cb,Bldg3AP92
2015-03-02 13:05:03,a24a23463ffe5888b5ee200915e9301df3e133c5,Bldg3AP95
2015-03-02 13:05:11,956352765ed7f20c6f31cbb90099db4c1a0b1ff4,Bldg3AP92
2015-03-02 13:05:15,6ed23eee907d5b9ee6199d8134585e072183f142,Bldg3AP91
2015-03-02 13:05:27,c619104a1e157c5703b6ce4802fa00bedbc4e621,Bldg3AP92
2015-03-02 13:05:28,56effea33dff38f3386349679fb38dcb5aff5c53,Bldg3AP95
2015-03-02 13:05:34,9d9250b70024564ff7102972c0828a449d3a41ce,Bldg3AP92
2015-03-02 13:05:39,b4ad7d31acd0a68f5e3b025e2a355f0378d1de91,Bldg3AP91
2015-03-02 13:05:48,c75dbdea6a5e62e09e73fb8dd9ad5f9f697e10b5,Bldg3AP92
2015-03-02 13:05:52,a6269f3fdbbfeb60e03c7a77a656f185441ea3f9,Bldg3AP91
2015-03-02 13:06:17,aaaa78120710c9a6286ec31805d3ec454858b0e0,Bldg3AP92
2015-03-02 13:06:27,22d52d19abf84bf0f6ac3c52ba78910eb3ece34e,Bldg3AP92
2015-03-02 13:06:35,24a7a1c187e2df10c1cb80387740b42b500f0b42,Bldg3AP91
2015-03-02 13:06:39,6ecca16a5f8ee6c0868b37cf1deb89ce474426e4,Bldg3AP95
2015-03-02 13:06:45,c4cc34814e62dc4a5ca6a89de94336362517f454,Bldg3AP94
2015-03-02 13:06:46,7d0dda59f227261aaabaa01830314770464dfd15,Bldg3AP91
2015-03-02 13:06:47,2a787e6f332dfff18ff21fc686e929c78aa14676,Bldg3AP92
2015-03-02 13:06:52,a6269f3fdbbfeb60e03c7a77a656f185441ea3f9,Bldg3AP91
2015-03-02 13:06:53,716151aef06fe77bd2e2512b3862e2cabf98bd74,Bldg3AP92
2015-03-02 13:06:53,7676b643662b5c28c750be1f1c0087c7b22b6653,Bldg3AP91
2015-03-02 13:06:58,314b893b47a317fb98fc12ed782f3345f3c7fe5b,Bldg3AP91
2015-03-02 13:07:04,64d56ada917da2a50126fa04cd8e7660de0750aa,Bldg3AP94
2015-03-02 13:07:05,a24a23463ffe5888b5ee200915e9301df3e133c5,Bldg3AP91
2015-03-02 13:07:09,18748bb0ee63f324a86405b6d09d8df15eb26d0c,Bldg3AP94
2015-03-02 13:07:22,164a22966eed262c576ab204ac930a3a961441a8,Bldg3AP91
2015-03-02 13:07:27,1aad498658250673ad1755678f6df57621cb03bd,Bldg3AP91
2015-03-02 13:07:45,c3aa9bfd59d610dd2ca0174ebf7fe9b996b2dfdf,Bldg3AP91
2015-03-02 13:07:46,65b338c7d09777935e17000173eb6810ba60f97c,Bldg3AP94
2015-03-02 13:07:51,63a2fcedb2660b6edfcdeb06f1e8d1cbffcab58d,Bldg3AP94
2015-03-02 13:07:58,8014ea68bb1da234e66604376b952e6d588047b7,Bldg3AP95
2015-03-02 13:08:09,67747747bc73685a55b2fda4101b10aa2eddd133,Bldg3AP91
2015-03-02 13:08:15,6bcb43fe0f3e0d7f9f5042a997118ec79aaa77bb,Bldg3AP92
2015-03-02 13:08:22,a24a23463ffe5888b5ee200915e9301df3e133c5,Bldg3AP91
2015-03-02 13:08:39,33f30be072cae80445977b6d6a0fe6635049fbeb,Bldg3AP91
2015-03-02 13:08:39,6b60590e34d4333b5018d64cc7981e831d8742fc,Bldg3AP94
2015-03-02 13:08:45,ed94aae0eea914fb261c92fd81c8f6fbf1334e66,Bldg3AP95
2015-03-02 13:08:47,dbf3db1f503674b9dfe9c8f701f9e53a63fe60b7,Bldg3AP91
2015-03-02 13:08:52,6b60590e34d4333b5018d64cc7981e831d8742fc,Bldg3AP95
2015-03-02 13:09:03,95b682915bc74e29966896efd1534c38fae95cfc,Bldg3AP95
2015-03-02 13:09:05,59c5a3cb87873b76e45722cc707792c3f1167413,Bldg3AP91
2015-03-02 13:09:21,bf49dfb3191ef9c897a278ea29dc764690499ec3,Bldg3AP95
2015-03-02 13:09:35,ff59ff8823b899ee708c85fcea9d84fac6a47306,Bldg3AP95
2015-03-02 13:09:39,dd080db3ff91df0631dd25714c2f1d5f01feb5a6,Bldg3AP92
2015-03-02 13:09:51,b919b52ae84b142b0a62120bf0fb814d4ea20da2,Bldg3AP94
2015-03-02 13:09:52,8014ea68bb1da234e66604376b952e6d588047b7,Bldg3AP94
2015-03-02 13:09:52,82bfb35aba2e3e9b9aaf23cb49700a9f75da3fe1,Bldg3AP91
2015-03-02 13:09:52,4a00bc793a3aa6e8c0342eb495a00aca0f44b8af,Bldg3AP95
2015-03-02 13:09:57,33f30be072cae80445977b6d6a0fe6635049fbeb,Bldg3AP94
2015-03-02 13:09:59,934c8bf4b74ce4c7d608aba5b75811066d49fc2e,Bldg3AP94
2015-03-02 13:10:04,c0cf70d785b1470ef53e1ddc2d4cffac65570683,Bldg3AP91
2015-03-02 13:10:17,8014ea68bb1da234e66604376b952e6d588047b7,Bldg3AP95
2015-03-02 13:10:21,ce9ff67782aa98e85fceec417a30d238e0bdeef5,Bldg3AP91
2015-03-02 13:10:27,82bfb35aba2e3e9b9aaf23cb49700a9f75da3fe1,Bldg3AP92
2015-03-02 13:10:28,e2d30bc2638dc21054cb70ce0a517730d797f4c8,Bldg3AP94
2015-03-02 13:10:33,7393d1eaa25c38f696dc12a5680e12f15f54ed07,Bldg3AP92
2015-03-02 13:10:41,20a463594f65a5926463e3539995a62a2924776b,Bldg3AP94
2015-03-02 13:10:41,a611a601cd8353dc9d178c7ba4758a3d458a67fe,Bldg3AP92
2015-03-02 13:10:53,9122952e6195d031b1c51c41c5d435be501e1032,Bldg3AP91
2015-03-02 13:11:04,af07aa955054c2726a1b67f10a9249d7a83cd231,Bldg3AP91
2015-03-02 13:11:09,f0c267560f8b6eb4facf699bcf8e619f3d8cf71a,Bldg3AP94
2015-03-02 13:11:10,1f88767b8b294c674209d44c33915c4182841896,Bldg3AP91
2015-03-02 13:11:11,686579f8969d5fc14df25995209cb8500455f8c0,Bldg3AP92
2015-03-02 13:11:21,c3df3cc914d84ecfefd46e62b949dcb894d120cd,Bldg3AP91
2015-03-02 13:11:28,9b5fbdcc0511b872bebb0ded66f1fc2503bdf6c3,Bldg3AP92
2015-03-02 13:11:34,ce3923d5b630eface569f7d2d9ee7d9f78cf093b,Bldg3AP91
2015-03-02 13:11:35,c90cf9961f4f89aa3cce6d192b35d723678babef,Bldg3AP91
2015-03-02 13:11:51,17c164655b5a908f73ee4bc5745b60b7efa83f5c,Bldg3AP91
2015-03-02 13:12:11,ff32a7937649b14c233e081f36a29a6d8126eee9,Bldg3AP92
2015-03-02 13:12:11,e2d30bc2638dc21054cb70ce0a517730d797f4c8,Bldg3AP92
2015-03-02 13:12:16,2b0c82bf1f16609d5ab4b3999f0a6dd4a7a1bdb4,Bldg3AP92
2015-03-02 13:12:17,5f50435196b73e6a4af645db44944465cb1cc71a,Bldg3AP91
2015-03-02 13:12:21,477efbace517ee9d1ff88327a13ea38e795cf8e5,Bldg3AP95
2015-03-02 13:12:21,9794a3a5c9b15d793df0de1bab7ae4c0cdf1a96c,Bldg3AP94
2015-03-02 13:12:21,0f676efc8b020f3078d7a992cf46d1086e4dde09,Bldg3AP92
2015-03-02 13:12:22,ddf106b13f74728e7a86641a5d4d981e72f7c31f,Bldg3AP91
2015-03-02 13:12:39,793c78a178abca461961184c82b8e84c7f800d1c,Bldg3AP95
2015-03-02 13:12:57,b39a2a76e42e89156e4ea8d52929c408ab0397ea,Bldg3AP91
2015-03-02 13:12:59,05386596a4a312080f9474e2b9903d38a55e16ea,Bldg3AP94
2015-03-02 13:13:04,b39a2a76e42e89156e4ea8d52929c408ab0397ea,Bldg3AP91
2015-03-02 13:13:18,a436c48fa1a0b1c2a6746c3bc3654379da26fb1c,Bldg3AP95
2015-03-02 13:13:41,1e2478d0e4d720ba5681294499a707bef923afb2,Bldg3AP91
2015-03-02 13:13:57,e5f74ef34bc00e0ad5b061c3d6fb3bcee62abadd,Bldg3AP95
2015-03-02 13:14:35,0eeebd90c7a233cbd3511bc591016447f691b2e8,Bldg3AP91
2015-03-02 13:14:45,a4f6f8613c2796b57a5c81dfb3fd6adca6fbe99b,Bldg3AP91
2015-03-02 13:14:51,dfae6affc371d226127158731f6e902171a4f3a0,Bldg3AP95
2015-03-02 13:15:09,8ae8f5f51791d44a872e6e0c03b27184f95fd493,Bldg3AP92
2015-03-02 13:15:09,1e2478d0e4d720ba5681294499a707bef923afb2,Bldg3AP95
2015-03-02 13:15:11,f8ce9c65c493e8cf5480c0d89cd62053c8e7b084,Bldg3AP91
2015-03-02 13:15:11,caec5668a062c7efea23be17e096cf5f10675a64,Bldg3AP92
2015-03-02 13:15:21,5bf1dc04be1010adaa538d250f8381f90f8d1d25,Bldg3AP95
2015-03-02 13:15:29,4608716dda6e9518dfa2bcb2461b642138ffca6c,Bldg3AP91
2015-03-02 13:15:37,8cf3b179b8e72a54364194afbb40fae684acb5e0,Bldg3AP91
2015-03-02 13:15:37,53d954973f3ad2d1ff2e4a94ea3d82fa958744b2,Bldg3AP92
2015-03-02 13:15:40,f5b867b3f0e5b5def4a84eba589e74a7e69b3bd6,Bldg3AP91
2015-03-02 13:15:42,4238dca146943ed1da2398863d190baa1cfe90df,Bldg3AP94
2015-03-02 13:15:43,6059ffa73a4e3759ebaf5afe043282724c3a177f,Bldg3AP92
2015-03-02 13:15:45,53d954973f3ad2d1ff2e4a94ea3d82fa958744b2,Bldg3AP92
2015-03-02 13:15:46,8a1bf0e0253947999f955661da8ae16717caa57a,Bldg3AP91
2015-03-02 13:15:54,c4395aecc749001403ab24669117e833e8d89cc6,Bldg3AP91
2015-03-02 13:15:54,63062d73b99705edfba4f09cf0c02009f2295123,Bldg3AP94
2015-03-02 13:16:01,deda07b452b48080d8ec163ed49fc3522ddecfc7,Bldg3AP94
2015-03-02 13:16:01,78e383d47d34c0cb6001699cd92892f5a2c97437,Bldg3AP91
2015-03-02 13:16:05,bb92e45e586ed01083aba5deb870750eebcdda53,Bldg3AP91
2015-03-02 13:16:06,78e383d47d34c0cb6001699cd92892f5a2c97437,Bldg3AP91
2015-03-02 13:16:10,c7620946b501f32a1c93b7f8b6ef5df47687a6e1,Bldg3AP91
2015-03-02 13:16:16,4608716dda6e9518dfa2bcb2461b642138ffca6c,Bldg3AP94
2015-03-02 13:16:16,0cf53e490a375c85fc1f1ba368954fae210fcf50,Bldg3AP91
2015-03-02 13:16:21,c841f4edc43e4f3e7e04ffcb31536b69e5e6c515,Bldg3AP92
2015-03-02 13:16:30,4608716dda6e9518dfa2bcb2461b642138ffca6c,Bldg3AP95
2015-03-02 13:16:30,bd2b915bf98b917ee705a6f69d63da47fc278db0,Bldg3AP92
2015-03-02 13:16:34,8cf3b179b8e72a54364194afbb40fae684acb5e0,Bldg3AP94
2015-03-02 13:16:36,8cf3b179b8e72a54364194afbb40fae684acb5e0,Bldg3AP95
2015-03-02 13:16:46,bd0b0faf77a4f6006354f93da94b0414c1efce03,Bldg3AP91
2015-03-02 13:16:52,5bf1dc04be1010adaa538d250f8381f90f8d1d25,Bldg3AP95
2015-03-02 13:16:57,b889fc91a1183fae815ab28e0374ea8ed7047365,Bldg3AP95
2015-03-02 13:16:58,be5a05048cda41e763a0d7fe7317985e8b87236a,Bldg3AP91
2015-03-02 13:17:06,07847c88d9d69b40bc783aa05ced3bd76176e9b4,Bldg3AP91
2015-03-02 13:17:09,8dcc95c2265b169680edf6a87419332018d579e0,Bldg3AP91
2015-03-02 13:17:22,63b8516cfcbc47a875b052dcc40835a73eb2dcd8,Bldg3AP94
2015-03-02 13:17:33,be5a05048cda41e763a0d7fe7317985e8b87236a,Bldg3AP91
2015-03-02 13:17:40,bd0b0faf77a4f6006354f93da94b0414c1efce03,Bldg3AP95
2015-03-02 13:17:51,cf30d5c018dcffa585a379719aaa13efb3d4c239,Bldg3AP94
2015-03-02 13:17:53,bd0b0faf77a4f6006354f93da94b0414c1efce03,Bldg3AP95
2015-03-02 13:18:09,ed94aae0eea914fb261c92fd81c8f6fbf1334e66,Bldg3AP94
2015-03-02 13:18:15,e2b12299d3072f9e52e9ac405cd9d6af2eaa6156,Bldg3AP91
2015-03-02 13:18:35,8cf5b6f3ddc842eaa6e4a76882efa0c01b8a693b,Bldg3AP91
2015-03-02 13:18:47,e2b12299d3072f9e52e9ac405cd9d6af2eaa6156,Bldg3AP91
2015-03-02 13:18:48,b77ad45c7c8f8929cd55ac990d40a09d38d3581f,Bldg3AP91
2015-03-02 13:18:48,c7a49d1097ef5a444d9b48a86c3a6f99ded774d6,Bldg3AP92
2015-03-02 13:18:57,9cb519ee36b8c31bbaf0e1cb189cbda58c287a40,Bldg3AP91
2015-03-02 13:19:06,2635e5178f262b43977104ca5aa5e538ba9d8892,Bldg3AP94
2015-03-02 13:19:29,d1b748265deb4ed157736725812ad1fb8697d6d3,Bldg3AP94
2015-03-02 13:19:33,c7a49d1097ef5a444d9b48a86c3a6f99ded774d6,Bldg3AP94
2015-03-02 13:19:33,6bcb43fe0f3e0d7f9f5042a997118ec79aaa77bb,Bldg3AP92
2015-03-02 13:19:33,2635e5178f262b43977104ca5aa5e538ba9d8892,Bldg3AP95
2015-03-02 13:19:33,1506d2d2721499f049fbc86d9e524b7dc06bd974,Bldg3AP91
2015-03-02 13:19:58,c7a49d1097ef5a444d9b48a86c3a6f99ded774d6,Bldg3AP95
2015-03-02 13:20:05,5468047bc4afdd103054e1e9c84ef56df7b2bb7f,Bldg3AP91
2015-03-02 13:20:09,e9ca86c212600ea04f2cb667f0e8b27c6a856876,Bldg3AP91
2015-03-02 13:20:11,754daa3a2ed8b1b090558f5e56b6616794776014,Bldg3AP91
2015-03-02 13:20:35,d1b748265deb4ed157736725812ad1fb8697d6d3,Bldg3AP91
2015-03-02 13:20:35,2d5284e2e216db5aa3a80d30a2252b508a3d77b8,Bldg3AP94
2015-03-02 13:20:40,5468047bc4afdd103054e1e9c84ef56df7b2bb7f,Bldg3AP91
2015-03-02 13:20:48,6bcb43fe0f3e0d7f9f5042a997118ec79aaa77bb,Bldg3AP92
2015-03-02 13:20:54,78c6c3a4a25196902441802f603dda7257e6a951,Bldg3AP92
2015-03-02 13:21:04,107e76f715a08aad83f750ec6c17a217e79433c6,Bldg3AP91
2015-03-02 13:21:36,9985fa54aa1aa523df81d7c722d9908180a03770,Bldg3AP94
2015-03-02 13:21:42,1534ef80d9a22a764b67d54ab2eb58f680db5c2a,Bldg3AP91
2015-03-02 13:21:47,1534ef80d9a22a764b67d54ab2eb58f680db5c2a,Bldg3AP91
2015-03-02 13:22:04,94fdf458ea335bde52ae08a4b1625e636e10d433,Bldg3AP91
2015-03-02 13:22:05,0972ba6b7dfe708983d2aa42d844b5001909b505,Bldg3AP91
2015-03-02 13:22:11,a7f4a540c365325534454d333d2c9fc177deb4fb,Bldg3AP91
2015-03-02 13:22:27,57baf8e942f9b04d3e294ce36fca502e27b448c3,Bldg3AP91
2015-03-02 13:22:34,7aff9ff438b133242a2e23accb21fca5c583bd78,Bldg3AP91
2015-03-02 13:22:53,5f7905564b712b1004e4a0b3c85a1ee3104c242f,Bldg3AP92
2015-03-02 13:23:12,53d954973f3ad2d1ff2e4a94ea3d82fa958744b2,Bldg3AP92
2015-03-02 13:23:29,67ded5e9c4643cccc2de367f0c11abd478cec933,Bldg3AP94
2015-03-02 13:23:34,754daa3a2ed8b1b090558f5e56b6616794776014,Bldg3AP91
2015-03-02 13:23:39,e34a416191006512d754da6fdc8ccd758f7bd43d,Bldg3AP91
2015-03-02 13:23:45,f70133a80566aaf8e1b73faa3ab13d9f570d0a13,Bldg3AP94
2015-03-02 13:23:45,8a243d8fbb53fa8add17a5cd0cb0b83b3c4af790,Bldg3AP94
2015-03-02 13:23:47,bbe001ce13991d9ef156a63f724e9ce680546275,Bldg3AP91
2015-03-02 13:23:57,5f7905564b712b1004e4a0b3c85a1ee3104c242f,Bldg3AP94
2015-03-02 13:23:59,8a243d8fbb53fa8add17a5cd0cb0b83b3c4af790,Bldg3AP95
2015-03-02 13:24:15,bbe001ce13991d9ef156a63f724e9ce680546275,Bldg3AP94
2015-03-02 13:24:34,f70133a80566aaf8e1b73faa3ab13d9f570d0a13,Bldg3AP92
2015-03-02 13:24:35,107e76f715a08aad83f750ec6c17a217e79433c6,Bldg3AP94
2015-03-02 13:24:35,78e2730c1e62b4aca2d43cd41b67b9c492d0a184,Bldg3AP91
2015-03-02 13:24:43,107e76f715a08aad83f750ec6c17a217e79433c6,Bldg3AP95
2015-03-02 13:24:52,45458d3f242b41fdaef678b26d5f0914e2d707dd,Bldg3AP94
2015-03-02 13:25:03,57baf8e942f9b04d3e294ce36fca502e27b448c3,Bldg3AP94
2015-03-02 13:25:10,45458d3f242b41fdaef678b26d5f0914e2d707dd,Bldg3AP92
2015-03-02 13:25:21,57baf8e942f9b04d3e294ce36fca502e27b448c3,Bldg3AP95
2015-03-02 13:25:47,7d3a66b2314d9ec4151a46932b4abb873db8f1cb,Bldg3AP91
2015-03-02 13:26:00,324cc9286c817dfc708f1f9a3ed4338b11600e4e,Bldg3AP94
2015-03-02 13:26:09,072d481b21b8dc29cfd2343c34e4e65ee5aa6ec2,Bldg3AP95
2015-03-02 13:26:22,f424a653a03b95fd0818631e8ed1153f9be0e62c,Bldg3AP94
2015-03-02 13:26:25,be7dc8aa9a68ec568a8b3860cfa26f3b1682c361,Bldg3AP91
2015-03-02 13:26:39,57baf8e942f9b04d3e294ce36fca502e27b448c3,Bldg3AP95
2015-03-02 13:26:52,2eecf9bb5057fccd28162da8ecc129008e805bc6,Bldg3AP91
2015-03-02 13:27:00,8a1bf0e0253947999f955661da8ae16717caa57a,Bldg3AP91
2015-03-02 13:27:58,c3cc3ffc45f6b6522137140c0d210a6ff65b7a50,Bldg3AP95
2015-03-02 13:28:00,bc461441f5dd088bf8eaf5b77b1749636365af0e,Bldg3AP91
2015-03-02 13:28:03,05c1c3d49e61b0d0f2f1b8eaada3e4eb8c5e258b,Bldg3AP92
2015-03-02 13:28:19,05c1c3d49e61b0d0f2f1b8eaada3e4eb8c5e258b,Bldg3AP94
2015-03-02 13:28:29,736242f2200ac53c2dd4a7e7847865c9472c7b98,Bldg3AP95
2015-03-02 13:28:45,bb1a7c0862263e44f06e924fc6108d8a618af214,Bldg3AP91
2015-03-02 13:29:01,a276ca9b4c2ac4edf0a9fc60eb3d5a2cd24725bb,Bldg3AP94
2015-03-02 13:29:09,2d1ffd56b9ddd99c4481985785089eb2d411eacc,Bldg3AP91
2015-03-02 13:29:34,27bb96dbeef2ebb5ce5bb5092a6440472f1cf015,Bldg3AP94
2015-03-02 13:29:35,dbfa71dbaf6c92596eb91de560ae2214cd9bdc56,Bldg3AP92
2015-03-02 13:29:45,f70133a80566aaf8e1b73faa3ab13d9f570d0a13,Bldg3AP92
2015-03-02 13:29:52,53d954973f3ad2d1ff2e4a94ea3d82fa958744b2,Bldg3AP92
2015-03-02 13:29:54,6d690b9e48f64e76e6bf5cbc83b4d9e113c227eb,Bldg3AP91
2015-03-02 13:29:57,cc175fba699b621fa581c1618bb55146f888f185,Bldg3AP91
2015-03-02 13:30:06,f70133a80566aaf8e1b73faa3ab13d9f570d0a13,Bldg3AP91
2015-03-02 13:30:45,f70133a80566aaf8e1b73faa3ab13d9f570d0a13,Bldg3AP95
2015-03-02 13:30:53,d09dd3b8a9a3228ffa6841e6fdde78cd94397a8f,Bldg3AP92
2015-03-02 13:31:07,37aa33cefd5fb89e9bcbed70b955e3a8a2bfc3ec,Bldg3AP95
2015-03-02 13:31:10,b2d1f92addd62814a006eb2db8a6dd15191b2642,Bldg3AP91
2015-03-02 13:31:27,2f5f2d76f553aaecba7a43909479ef4763fd0277,Bldg3AP95
2015-03-02 13:31:27,c77d8d370ec7803fe4c667e2ff142e1a618ae857,Bldg3AP92
2015-03-02 13:31:29,e503a0fdb01f4dc483d430dd256a95af110a1638,Bldg3AP95
2015-03-02 13:31:42,71412b946ffef92aa9701088a2ad4edfb026180f,Bldg3AP91
2015-03-02 13:31:52,b5c13c5fffad2cbb0e9f2c43335b307e28cc3e7f,Bldg3AP92
2015-03-02 13:31:59,e2e33e9d5db0cd4251e3ffd0e556104176be4893,Bldg3AP91
2015-03-02 13:32:04,e2e33e9d5db0cd4251e3ffd0e556104176be4893,Bldg3AP91
2015-03-02 13:32:14,fff1656996584a043e0a060955e24dd6579e0f44,Bldg3AP94
2015-03-02 13:32:29,fff1656996584a043e0a060955e24dd6579e0f44,Bldg3AP95
2015-03-02 13:33:05,a12e7190cd2b80e3dd986ca4cf73268d8b734738,Bldg3AP91
2015-03-02 13:33:17,97ef516f2da3031ee78018e1f2098b9c84c80dd9,Bldg3AP92
2015-03-02 13:33:29,6bdc41554136afff5afa22e672780b921c22a47d,Bldg3AP91
2015-03-02 13:33:45,a27fa1d7428167659ddada0d83294f8f44ffc275,Bldg3AP91
2015-03-02 13:33:52,efa9ffa275b2fdb6550db68b4fb082e257ee9bd3,Bldg3AP92
2015-03-02 13:33:58,8c34cab866aec82106bcecdb98dabc3aac939905,Bldg3AP92
2015-03-02 13:33:59,725c304bc819c350ea729e2698a518a56997fe1c,Bldg3AP95
2015-03-02 13:34:05,a27fa1d7428167659ddada0d83294f8f44ffc275,Bldg3AP92
2015-03-02 13:34:10,d2b95f1ccd2517c18739732a438dc7f786a2bff9,Bldg3AP91
2015-03-02 13:34:59,b29833d8f3403f9a00aad8affa2a0c119d70851c,Bldg3AP91
2015-03-02 13:35:15,a16995c64e216cf6225468f9b96576688e6da45d,Bldg3AP92
2015-03-02 13:35:18,76ecdb26afddcd01d7135c7c19940e3bf680108b,Bldg3AP92
2015-03-02 13:35:27,60ad2546a369241a85e9d3dab01d7401b5c815ea,Bldg3AP94
2015-03-02 13:35:55,60ad2546a369241a85e9d3dab01d7401b5c815ea,Bldg3AP91
2015-03-02 13:35:59,d83e78af85ec1b7737bdeb94e2c81c7bfd9933c9,Bldg3AP92
2015-03-02 13:36:01,b29833d8f3403f9a00aad8affa2a0c119d70851c,Bldg3AP94
2015-03-02 13:36:06,c75dbdea6a5e62e09e73fb8dd9ad5f9f697e10b5,Bldg3AP92
2015-03-02 13:36:09,a16995c64e216cf6225468f9b96576688e6da45d,Bldg3AP94
2015-03-02 13:36:13,164a22966eed262c576ab204ac930a3a961441a8,Bldg3AP91
2015-03-02 13:36:33,9272d8116436fa3760f0ddb2fc334246f6984f67,Bldg3AP91
2015-03-02 13:37:28,013d3edf931879a48ce5e53d6ab03cd79fbb348e,Bldg3AP94
2015-03-02 13:37:33,164a22966eed262c576ab204ac930a3a961441a8,Bldg3AP91
2015-03-02 13:37:36,231ba58685598289d094daeaa9eb91e0d3ae22f7,Bldg3AP94
2015-03-02 13:37:53,231ba58685598289d094daeaa9eb91e0d3ae22f7,Bldg3AP92
2015-03-02 13:38:06,b58fa656486e2b7d2b164a5b9fd2f83ce35decf0,Bldg3AP91
2015-03-02 13:38:23,aaaa78120710c9a6286ec31805d3ec454858b0e0,Bldg3AP92
2015-03-02 13:38:27,aaaa78120710c9a6286ec31805d3ec454858b0e0,Bldg3AP92
2015-03-02 13:38:28,872934c0aaa0de7b954cd0d16cd008e0731f2ccd,Bldg3AP94
2015-03-02 13:38:37,b58fa656486e2b7d2b164a5b9fd2f83ce35decf0,Bldg3AP92
2015-03-02 13:39:59,aaaa78120710c9a6286ec31805d3ec454858b0e0,Bldg3AP92
2015-03-02 13:40:00,934c8bf4b74ce4c7d608aba5b75811066d49fc2e,Bldg3AP95
2015-03-02 13:40:17,a078c59cd97bcfb00ea7770bc4e45ffcb81ec77e,Bldg3AP95
2015-03-02 13:40:37,8014ea68bb1da234e66604376b952e6d588047b7,Bldg3AP95
2015-03-02 13:40:37,53d954973f3ad2d1ff2e4a94ea3d82fa958744b2,Bldg3AP92
2015-03-02 13:41:09,e5b344efcc598616ede5a87d25a81309d9a2ce21,Bldg3AP92
2015-03-02 13:41:33,90ed7cf8245bfeb4ae28e7c07e4fef6f8d891739,Bldg3AP91
2015-03-02 13:41:40,9b5fbdcc0511b872bebb0ded66f1fc2503bdf6c3,Bldg3AP92
2015-03-02 13:41:52,f0c267560f8b6eb4facf699bcf8e619f3d8cf71a,Bldg3AP95
2015-03-02 13:41:57,f0c267560f8b6eb4facf699bcf8e619f3d8cf71a,Bldg3AP95
2015-03-02 13:41:57,e5f74ef34bc00e0ad5b061c3d6fb3bcee62abadd,Bldg3AP95
2015-03-02 13:42:05,e813c78ea269fed5fc57f4ce7aae18ab83db9c12,Bldg3AP91
2015-03-02 13:42:12,90ed7cf8245bfeb4ae28e7c07e4fef6f8d891739,Bldg3AP94
2015-03-02 13:42:15,fff1656996584a043e0a060955e24dd6579e0f44,Bldg3AP94
2015-03-02 13:42:22,e2d30bc2638dc21054cb70ce0a517730d797f4c8,Bldg3AP92
2015-03-02 13:42:40,e8e965a472483f662bd3d707588b298d30dcbcfe,Bldg3AP94
2015-03-02 13:42:48,0884e7cc1a2cac3c05bcf062ff57a1db5c3ed712,Bldg3AP91
2015-03-02 13:42:49,05386596a4a312080f9474e2b9903d38a55e16ea,Bldg3AP94
2015-03-02 13:42:51,466677799a349cdf2e11a78d49afae51f79a35f7,Bldg3AP95
2015-03-02 13:42:53,c92d4fa3dff5b33afaf25eb87761461d9e55a0a6,Bldg3AP91
2015-03-02 13:43:40,59c5a3cb87873b76e45722cc707792c3f1167413,Bldg3AP95
2015-03-02 13:43:53,0884e7cc1a2cac3c05bcf062ff57a1db5c3ed712,Bldg3AP94
2015-03-02 13:44:07,e6b3a22f1442e1ed010d6a3cbf6a73cb6fff19d6,Bldg3AP91
2015-03-02 13:44:15,a28ca0b2e8c880b30b8d3b0bc7a3532ba494da9d,Bldg3AP92
2015-03-02 13:44:32,a28ca0b2e8c880b30b8d3b0bc7a3532ba494da9d,Bldg3AP94
2015-03-02 13:44:36,686579f8969d5fc14df25995209cb8500455f8c0,Bldg3AP92
2015-03-02 13:44:55,3ffe8ed9ac4aa8b7a09eb8cad227b869ca77fa4c,Bldg3AP91
2015-03-02 13:45:16,8ae8f5f51791d44a872e6e0c03b27184f95fd493,Bldg3AP92
2015-03-02 13:45:18,3ffe8ed9ac4aa8b7a09eb8cad227b869ca77fa4c,Bldg3AP94
2015-03-02 13:45:27,caec5668a062c7efea23be17e096cf5f10675a64,Bldg3AP92
2015-03-02 13:45:38,013d3edf931879a48ce5e53d6ab03cd79fbb348e,Bldg3AP92
2015-03-02 13:45:48,62a080ced084f37252c358fe53fd8540a238bac6,Bldg3AP91
2015-03-02 13:46:17,78e383d47d34c0cb6001699cd92892f5a2c97437,Bldg3AP91
2015-03-02 13:46:22,78e383d47d34c0cb6001699cd92892f5a2c97437,Bldg3AP91
2015-03-02 13:46:45,cf3124089a7e984c444f71c3d4e6c78253a23520,Bldg3AP92
2015-03-02 13:46:51,bd2b915bf98b917ee705a6f69d63da47fc278db0,Bldg3AP92
2015-03-02 13:46:53,70a48ec709816043397e3dc7ee6b49ceafabda7f,Bldg3AP92
2015-03-02 13:47:12,25574047e0b7990c6cd60ca63440bf6cc023e9cb,Bldg3AP91
2015-03-02 13:47:13,82bfb35aba2e3e9b9aaf23cb49700a9f75da3fe1,Bldg3AP92
2015-03-02 13:47:17,91e7a6f6a953dcd2633713cf6b4394be459d6b37,Bldg3AP92
2015-03-02 13:47:42,0149db451e13f6bcbcabc72cfd8dbfd6079ecb32,Bldg3AP91
2015-03-02 13:47:48,8d32435050cec3fb710e6f6b7e2c33dcccd9fe55,Bldg3AP92
2015-03-02 13:47:58,a39b9f26bb6690ae7c09c5e8188a2bedc4f4d0a4,Bldg3AP94
2015-03-02 13:48:12,ed94aae0eea914fb261c92fd81c8f6fbf1334e66,Bldg3AP95
2015-03-02 13:48:21,165e2d17b63782c671fa41f7e9183a32d60b8c1a,Bldg3AP91
2015-03-02 13:48:30,98c5985239424684ea9bc958cc429ce9bd2d9072,Bldg3AP91
2015-03-02 13:48:30,19ea72b6d59df1abebd04f62144ed4d9590bd17b,Bldg3AP91
2015-03-02 13:48:39,5bf1dc04be1010adaa538d250f8381f90f8d1d25,Bldg3AP95
2015-03-02 13:48:43,9a81c5aab6d92c08cd1f018e81b63e788675bf8a,Bldg3AP94
2015-03-02 13:48:56,aef4bd1356d01c4194e33116facf211f3eff0e5a,Bldg3AP95
2015-03-02 13:48:57,19ea72b6d59df1abebd04f62144ed4d9590bd17b,Bldg3AP94
2015-03-02 13:49:00,aef4bd1356d01c4194e33116facf211f3eff0e5a,Bldg3AP94
2015-03-02 13:49:16,361ad2a15fe965afb4df4283eae948194017494b,Bldg3AP94
2015-03-02 13:49:21,97ef516f2da3031ee78018e1f2098b9c84c80dd9,Bldg3AP94
2015-03-02 13:49:22,565ac74ffd813a063b8d119010a1e07e1693d42d,Bldg3AP91
2015-03-02 13:49:45,aef4bd1356d01c4194e33116facf211f3eff0e5a,Bldg3AP91
2015-03-02 13:49:47,121f4c6f42a91e00854c1a01df5300ce2db5225a,Bldg3AP95
2015-03-02 13:50:15,e682591ae12c44ab799777c4a4c6b8cc41c8242a,Bldg3AP91
2015-03-02 13:50:18,413db71227308e4044c705b0ea3e6f2ede31a003,Bldg3AP91
2015-03-02 13:50:19,c77d8d370ec7803fe4c667e2ff142e1a618ae857,Bldg3AP92
2015-03-02 13:50:36,efa9ffa275b2fdb6550db68b4fb082e257ee9bd3,Bldg3AP92
2015-03-02 13:50:39,05386596a4a312080f9474e2b9903d38a55e16ea,Bldg3AP92
2015-03-02 13:51:28,53c7121b1e4adee732845b51ca2e6bbc2f837b96,Bldg3AP92
2015-03-02 13:51:29,efa9ffa275b2fdb6550db68b4fb082e257ee9bd3,Bldg3AP94
2015-03-02 13:51:29,bfe9fdc75da70ba7d42b6c0d92ad2e24f2a67e91,Bldg3AP91
2015-03-02 13:51:39,2635e5178f262b43977104ca5aa5e538ba9d8892,Bldg3AP95
2015-03-02 13:51:52,0c1e367f6486bd27e615e7dc80fff36e224789a6,Bldg3AP91
2015-03-02 13:52:03,47a74c70de5b954ba1d4d2948e685e706e39f78d,Bldg3AP92
2015-03-02 13:52:12,c77d8d370ec7803fe4c667e2ff142e1a618ae857,Bldg3AP92
2015-03-02 13:52:33,60b1c303f468b5475fe1ca6e20111cc0adf65e8a,Bldg3AP91
2015-03-02 13:52:35,dd7738213409b2858498bb467b90a33ef4513627,Bldg3AP91
2015-03-02 13:53:23,92da117754d65dd94f344ac3b0c98dbd3c2db018,Bldg3AP92
2015-03-02 13:53:24,cfc5d0d1d032af1db7ff3fb943648f2223d2cc87,Bldg3AP92
2015-03-02 13:53:46,92da117754d65dd94f344ac3b0c98dbd3c2db018,Bldg3AP94
2015-03-02 13:54:00,bee446062223898e22a639c1962daeb93a062e28,Bldg3AP91
2015-03-02 13:54:10,6d8626375f424d65dc9e1ecc9b98f9aa102733e8,Bldg3AP92
2015-03-02 13:54:11,6d8626375f424d65dc9e1ecc9b98f9aa102733e8,Bldg3AP92
2015-03-02 13:54:27,6d8626375f424d65dc9e1ecc9b98f9aa102733e8,Bldg3AP94
2015-03-02 13:54:39,6d8626375f424d65dc9e1ecc9b98f9aa102733e8,Bldg3AP95
2015-03-02 13:54:42,6d8626375f424d65dc9e1ecc9b98f9aa102733e8,Bldg3AP95
2015-03-02 13:54:48,78e2730c1e62b4aca2d43cd41b67b9c492d0a184,Bldg3AP91
2015-03-02 13:54:57,73e32d362a741c4a003fe24283ea646810d27402,Bldg3AP92
2015-03-02 13:55:01,8331bcd06815a425dcae17d636ca55fe4dc2c076,Bldg3AP91
2015-03-02 13:55:06,97ef516f2da3031ee78018e1f2098b9c84c80dd9,Bldg3AP92
2015-03-02 13:55:18,ce9c3a2cdf98852f79ad1136055c719c357b1ae5,Bldg3AP91
2015-03-02 13:55:28,aaaa78120710c9a6286ec31805d3ec454858b0e0,Bldg3AP92
2015-03-02 13:55:46,47a74c70de5b954ba1d4d2948e685e706e39f78d,Bldg3AP91
2015-03-02 13:55:47,be64bf092d3feb162c12b8165e6bc6fb46c0d520,Bldg3AP91
2015-03-02 13:56:04,85b39a48e75e3f01e8bdd189efeb256c7644e802,Bldg3AP91
2015-03-02 13:56:09,165e2d17b63782c671fa41f7e9183a32d60b8c1a,Bldg3AP91
2015-03-02 13:56:11,50f13123ffa2ed1fca2dd06d3194851ce06f35f6,Bldg3AP95
2015-03-02 13:56:16,fec030609557f2bb64877f33276e5667c90caa93,Bldg3AP94
2015-03-02 13:56:21,ebaca7408d8c3655ffdcc3b00b76df25b8b93fed,Bldg3AP91
2015-03-02 13:56:29,afe4c663722f325bf1c175a2dceaf3ccb8587719,Bldg3AP91
2015-03-02 13:56:29,fec030609557f2bb64877f33276e5667c90caa93,Bldg3AP92
2015-03-02 13:56:47,1aac4cfdf6633f373064a2b4269c9e1e47512820,Bldg3AP91
2015-03-02 13:57:03,85b39a48e75e3f01e8bdd189efeb256c7644e802,Bldg3AP92
2015-03-02 13:57:18,d4bf1e9c8cac64587db9efef3f5894fc63220ac9,Bldg3AP92
2015-03-02 13:57:19,e55e332ee55f42326a5b145e779fa690ed2969b0,Bldg3AP91
2015-03-02 13:57:25,85b39a48e75e3f01e8bdd189efeb256c7644e802,Bldg3AP94
2015-03-02 13:57:28,c77d8d370ec7803fe4c667e2ff142e1a618ae857,Bldg3AP92
2015-03-02 13:57:39,9badfdc222835e244e562cd488a0fda720c830f6,Bldg3AP91
2015-03-02 13:57:51,2635e5178f262b43977104ca5aa5e538ba9d8892,Bldg3AP95
2015-03-02 13:57:53,05386596a4a312080f9474e2b9903d38a55e16ea,Bldg3AP91
2015-03-02 13:57:57,c3cc3ffc45f6b6522137140c0d210a6ff65b7a50,Bldg3AP95
2015-03-02 13:58:31,4b46562404d6e7729e55822f3117cc214c76aa44,Bldg3AP95
2015-03-02 13:58:43,f2ae6b368e9f9bac2fe24b4d8ad9c57733aab902,Bldg3AP91
2015-03-02 13:58:58,4b46562404d6e7729e55822f3117cc214c76aa44,Bldg3AP92
2015-03-02 13:59:09,80a35dc67bfd168c0b483a589d6a56a858df0993,Bldg3AP91
2015-03-02 13:59:24,c97fddaa4a9586703d1ab654f06b7ca6899dde36,Bldg3AP94
2015-03-02 13:59:40,80a35dc67bfd168c0b483a589d6a56a858df0993,Bldg3AP91
2015-03-02 13:59:58,dfb14cc978d2f20eccc14afa21794132bf6f92d2,Bldg3AP92
2015-03-02 14:00:05,fb01518ea5619140f2ee1f67c1795eae114babd6,Bldg3AP94
2015-03-02 14:00:36,657ec8626f303d88fe404d659a4e8dbbcfaa133e,Bldg3AP91
2015-03-02 14:00:46,fb01518ea5619140f2ee1f67c1795eae114babd6,Bldg3AP91
2015-03-02 14:01:11,c24b26fde6a406b631678a3d2158f9b75667e051,Bldg3AP94
2015-03-02 14:01:58,b5c13c5fffad2cbb0e9f2c43335b307e28cc3e7f,Bldg3AP92
2015-03-02 14:02:01,89f096f0a9f6e0f78ceb12a88ced83b9426e5f65,Bldg3AP94
2015-03-02 14:02:04,85b39a48e75e3f01e8bdd189efeb256c7644e802,Bldg3AP94
2015-03-02 14:02:17,d4bf1e9c8cac64587db9efef3f5894fc63220ac9,Bldg3AP91
2015-03-02 14:02:29,82bfb35aba2e3e9b9aaf23cb49700a9f75da3fe1,Bldg3AP91
2015-03-02 14:02:40,d09dd3b8a9a3228ffa6841e6fdde78cd94397a8f,Bldg3AP92
2015-03-02 14:02:52,8c34cab866aec82106bcecdb98dabc3aac939905,Bldg3AP94
2015-03-02 14:02:59,2635e5178f262b43977104ca5aa5e538ba9d8892,Bldg3AP95
2015-03-02 14:03:05,70a48ec709816043397e3dc7ee6b49ceafabda7f,Bldg3AP94
2015-03-02 14:03:09,d4bf1e9c8cac64587db9efef3f5894fc63220ac9,Bldg3AP95
2015-03-02 14:03:21,e503a0fdb01f4dc483d430dd256a95af110a1638,Bldg3AP95
2015-03-02 14:03:23,8117f663c36af18406149c99cbce358fda791c3d,Bldg3AP92
2015-03-02 14:03:49,1a4900e7edc22d179c7d20a12048b69dccccf7ee,Bldg3AP91
2015-03-02 14:03:59,1b27f27949df11fe546c99aa32c7756ebc3e7eb5,Bldg3AP91
2015-03-02 14:04:10,b4fcf5988ec9d8cb2545bc360177ba68e6a83843,Bldg3AP91
2015-03-02 14:04:11,caec5668a062c7efea23be17e096cf5f10675a64,Bldg3AP92
2015-03-02 14:04:12,7edea7e1d66f3d4925320945da1c7c8cf8ebec2d,Bldg3AP95
2015-03-02 14:04:22,f227e3ed6bb64abe16e44470e02a6748c31d41e0,Bldg3AP94
2015-03-02 14:04:39,b4ad7d31acd0a68f5e3b025e2a355f0378d1de91,Bldg3AP91
2015-03-02 14:04:51,76ecdb26afddcd01d7135c7c19940e3bf680108b,Bldg3AP92
2015-03-02 14:04:52,73d40b49bf84890d402fb3a0f8d4ce0cf5e8e50b,Bldg3AP92
2015-03-02 14:05:00,9bf6829c1235a2be2bef11734d521baa00fefb20,Bldg3AP91
2015-03-02 14:05:05,8ae8f5f51791d44a872e6e0c03b27184f95fd493,Bldg3AP94
2015-03-02 14:05:15,22f0898421cf69952e96f2a2231f1748be8f9ce3,Bldg3AP95
2015-03-02 14:05:15,caec5668a062c7efea23be17e096cf5f10675a64,Bldg3AP91
2015-03-02 14:05:16,e503a0fdb01f4dc483d430dd256a95af110a1638,Bldg3AP95
2015-03-02 14:05:17,b4ad7d31acd0a68f5e3b025e2a355f0378d1de91,Bldg3AP91
2015-03-02 14:05:21,97ef516f2da3031ee78018e1f2098b9c84c80dd9,Bldg3AP91
2015-03-02 14:05:28,5bf1dc04be1010adaa538d250f8381f90f8d1d25,Bldg3AP94
2015-03-02 14:05:34,5bf1dc04be1010adaa538d250f8381f90f8d1d25,Bldg3AP95
2015-03-02 14:05:35,54592c8a8c85d5d8f7274b4d3ad79773d0913b0e,Bldg3AP95
2015-03-02 14:05:41,54592c8a8c85d5d8f7274b4d3ad79773d0913b0e,Bldg3AP94
2015-03-02 14:06:05,37d6556bcf9ca7116d8612d8bfc64ec8867006e7,Bldg3AP94
2015-03-02 14:06:17,a92bd4a6ef0a3f1b73e36318099ec3a70436b1e6,Bldg3AP95
2015-03-02 14:06:21,8ae8f5f51791d44a872e6e0c03b27184f95fd493,Bldg3AP94
2015-03-02 14:06:35,9272d8116436fa3760f0ddb2fc334246f6984f67,Bldg3AP91
2015-03-02 14:06:53,32e9d806def4f610b8499107fd95044a755e6eae,Bldg3AP94
2015-03-02 14:07:18,e5b344efcc598616ede5a87d25a81309d9a2ce21,Bldg3AP92
2015-03-02 14:07:34,164a22966eed262c576ab204ac930a3a961441a8,Bldg3AP91
2015-03-02 14:07:41,8ae8f5f51791d44a872e6e0c03b27184f95fd493,Bldg3AP92
2015-03-02 14:08:21,d1acb83ba110eb3fe6c69e88ea92a8cf0c1ead79,Bldg3AP91
2015-03-02 14:08:24,dfc92300e7b494a6ec5a666037e683e3285a8831,Bldg3AP94
2015-03-02 14:08:45,9bf6829c1235a2be2bef11734d521baa00fefb20,Bldg3AP94
2015-03-02 14:08:53,8117f663c36af18406149c99cbce358fda791c3d,Bldg3AP91
2015-03-02 14:09:21,aaaaac31418af0e6b8319e25f6d911a1d48dbae7,Bldg3AP94
2015-03-02 14:09:24,7fce534312ab11a10a1eb64267c85d39be61c9b7,Bldg3AP92
2015-03-02 14:09:28,e7840039eafe9131ac0b85ce99ebba9a951ade33,Bldg3AP91
2015-03-02 14:09:31,7fce534312ab11a10a1eb64267c85d39be61c9b7,Bldg3AP91
2015-03-02 14:09:40,ac418678d0502f0c5b365d0b4ff19bc468336d5b,Bldg3AP94
2015-03-02 14:10:00,73d40b49bf84890d402fb3a0f8d4ce0cf5e8e50b,Bldg3AP94
2015-03-02 14:10:15,8014ea68bb1da234e66604376b952e6d588047b7,Bldg3AP95
2015-03-02 14:10:18,dfb14cc978d2f20eccc14afa21794132bf6f92d2,Bldg3AP91
2015-03-02 14:10:23,934c8bf4b74ce4c7d608aba5b75811066d49fc2e,Bldg3AP95
2015-03-02 14:10:41,045537d6bf044bb1eb1e1a0a186233af38e20ab8,Bldg3AP91
2015-03-02 14:10:46,793c78a178abca461961184c82b8e84c7f800d1c,Bldg3AP94
2015-03-02 14:10:54,aa97037993792ca7682b1999cf2690da684b376d,Bldg3AP94
2015-03-02 14:11:29,73d40b49bf84890d402fb3a0f8d4ce0cf5e8e50b,Bldg3AP94
2015-03-02 14:11:33,e2e33e9d5db0cd4251e3ffd0e556104176be4893,Bldg3AP91
2015-03-02 14:11:36,e503a0fdb01f4dc483d430dd256a95af110a1638,Bldg3AP95
2015-03-02 14:11:36,9d795a1025212fff3fa14634302ca21c5f1fe2e0,Bldg3AP94
2015-03-02 14:11:48,aa97037993792ca7682b1999cf2690da684b376d,Bldg3AP94
2015-03-02 14:11:57,e9e93a87284f867a436be471572c5e81ad6a4b0f,Bldg3AP91
2015-03-02 14:12:09,635a2489b2f78ef34cd31fbec611babe4c166910,Bldg3AP92
2015-03-02 14:12:10,f0c267560f8b6eb4facf699bcf8e619f3d8cf71a,Bldg3AP95
2015-03-02 14:12:12,3ed310a0fd35dcfa5838ed92c6648950ab723761,Bldg3AP91
2015-03-02 14:12:41,e2d30bc2638dc21054cb70ce0a517730d797f4c8,Bldg3AP92
2015-03-02 14:12:46,2b6e7174a29c1f8d31700191204051b282feab12,Bldg3AP91
2015-03-02 14:13:23,a6ba9cfb59e2d50250b0bf6aaaf09aa338242f11,Bldg3AP91
2015-03-02 14:13:41,59c5a3cb87873b76e45722cc707792c3f1167413,Bldg3AP95
2015-03-02 14:13:58,25955f85939e36e71965abe3841e545c394a9180,Bldg3AP95
2015-03-02 14:14:16,25f0e9f7c8855690aa6e50db767a0d9df4612a60,Bldg3AP92
2015-03-02 14:14:29,25955f85939e36e71965abe3841e545c394a9180,Bldg3AP92
2015-03-02 14:14:30,583964481500f54a520b30ea6fe9d2800d0504b0,Bldg3AP92
2015-03-02 14:15:03,a078c59cd97bcfb00ea7770bc4e45ffcb81ec77e,Bldg3AP95
2015-03-02 14:15:12,78e2730c1e62b4aca2d43cd41b67b9c492d0a184,Bldg3AP91
2015-03-02 14:15:18,4de5887ba31e7c62f39169a780853ab04ec46703,Bldg3AP91
2015-03-02 14:15:27,4de5887ba31e7c62f39169a780853ab04ec46703,Bldg3AP92
2015-03-02 14:15:33,70a48ec709816043397e3dc7ee6b49ceafabda7f,Bldg3AP92
2015-03-02 14:15:34,1ba1bdb5b1bd611d0d3fb767a8d3df2c5e7113bc,Bldg3AP94
2015-03-02 14:15:40,4de5887ba31e7c62f39169a780853ab04ec46703,Bldg3AP94
2015-03-02 14:15:51,8713db0be5310ac6a344e7f1cb9d6c487ab4e8fe,Bldg3AP92
2015-03-02 14:16:09,78e2730c1e62b4aca2d43cd41b67b9c492d0a184,Bldg3AP91
2015-03-02 14:16:10,78e383d47d34c0cb6001699cd92892f5a2c97437,Bldg3AP91
2015-03-02 14:16:15,78e383d47d34c0cb6001699cd92892f5a2c97437,Bldg3AP91
2015-03-02 14:16:27,1602f7ab20745626f17dc1875d944d8f4fde7e08,Bldg3AP91
2015-03-02 14:16:29,76ecdb26afddcd01d7135c7c19940e3bf680108b,Bldg3AP92
2015-03-02 14:16:30,d0c6797b802e4d73506e1029bd0696127e00b9ea,Bldg3AP94
2015-03-02 14:16:34,31e2745d5ec163b7f97e56d5492059e02aa01d10,Bldg3AP94
2015-03-02 14:16:52,fa13909313ef8efad0b5e4d8730c99321155a932,Bldg3AP94
2015-03-02 14:17:03,6d7439c60a459e9733cd3c5afe04ed4374dbdeaf,Bldg3AP91
2015-03-02 14:17:05,2635e5178f262b43977104ca5aa5e538ba9d8892,Bldg3AP95
2015-03-02 14:17:12,934c8bf4b74ce4c7d608aba5b75811066d49fc2e,Bldg3AP95
2015-03-02 14:17:16,31e2745d5ec163b7f97e56d5492059e02aa01d10,Bldg3AP92
2015-03-02 14:18:17,fa558756b0174a0e64a47c5bc4829c7e0aa02fb0,Bldg3AP92
2015-03-02 14:18:22,78e2730c1e62b4aca2d43cd41b67b9c492d0a184,Bldg3AP91
2015-03-02 14:18:27,2b5aa337fabc494969231768cd8e788e4f447be9,Bldg3AP91
2015-03-02 14:18:30,80a35dc67bfd168c0b483a589d6a56a858df0993,Bldg3AP91
2015-03-02 14:18:34,fa558756b0174a0e64a47c5bc4829c7e0aa02fb0,Bldg3AP94
2015-03-02 14:18:35,924a28570be7a755c4503d6cc110e7c16e925b97,Bldg3AP95
2015-03-02 14:18:47,fa13909313ef8efad0b5e4d8730c99321155a932,Bldg3AP95
2015-03-02 14:18:55,78e2730c1e62b4aca2d43cd41b67b9c492d0a184,Bldg3AP91
2015-03-02 14:18:58,c43b839c48e3c93a93464565bfc5473cd48ed4d8,Bldg3AP91
2015-03-02 14:19:11,e1f4881a2b1cd01e493e59f06517ce6a2873cdd0,Bldg3AP95
2015-03-02 14:19:15,829d1dc1d227f4783ed34a0d56a7347647c9415d,Bldg3AP91
2015-03-02 14:19:15,15a2d24cbaac012fca8a0cf1d20f24e7b4436f05,Bldg3AP94
2015-03-02 14:19:23,15a2d24cbaac012fca8a0cf1d20f24e7b4436f05,Bldg3AP95
2015-03-02 14:19:51,78e2730c1e62b4aca2d43cd41b67b9c492d0a184,Bldg3AP91
2015-03-02 14:20:51,05f100661991074a16e33be0a8512b88f58dfb1c,Bldg3AP91
2015-03-02 14:21:09,e2e33e9d5db0cd4251e3ffd0e556104176be4893,Bldg3AP91
2015-03-02 14:21:18,e2e33e9d5db0cd4251e3ffd0e556104176be4893,Bldg3AP91
2015-03-02 14:21:24,83e7257bc62e7db5725dbc0ccda732fb36fa7215,Bldg3AP95
2015-03-02 14:21:42,a6ba9cfb59e2d50250b0bf6aaaf09aa338242f11,Bldg3AP91
2015-03-02 14:21:46,78e2730c1e62b4aca2d43cd41b67b9c492d0a184,Bldg3AP91
2015-03-02 14:21:46,83e7257bc62e7db5725dbc0ccda732fb36fa7215,Bldg3AP92
2015-03-02 14:21:54,a90de3184bbc3fcdb08a57a34b562b35d074f963,Bldg3AP91
2015-03-02 14:22:10,56a47ae06a91a3c5a4afc5e31a8fedb6d0000397,Bldg3AP91
2015-03-02 14:22:12,b17170e79288209bce68acbf228d824c8c5d5a8a,Bldg3AP91
2015-03-02 14:22:24,314b893b47a317fb98fc12ed782f3345f3c7fe5b,Bldg3AP91
2015-03-02 14:22:41,903564c457a4645ad721e6929e007bc728b0f51a,Bldg3AP91
2015-03-02 14:22:47,39b8367988afbd228226fa0b817daa62e504c25f,Bldg3AP91
2015-03-02 14:22:47,78e2730c1e62b4aca2d43cd41b67b9c492d0a184,Bldg3AP91
2015-03-02 14:22:58,8713db0be5310ac6a344e7f1cb9d6c487ab4e8fe,Bldg3AP91
2015-03-02 14:23:05,2fcf386b50e8d6bc1e53604a614c947c7dfa84ae,Bldg3AP92
2015-03-02 14:23:05,0d963d9013bd974c48bf2ab48c7dfde0de401a9a,Bldg3AP94
2015-03-02 14:23:57,80a35dc67bfd168c0b483a589d6a56a858df0993,Bldg3AP91
2015-03-02 14:24:09,78e2730c1e62b4aca2d43cd41b67b9c492d0a184,Bldg3AP91
2015-03-02 14:24:18,8713db0be5310ac6a344e7f1cb9d6c487ab4e8fe,Bldg3AP92
2015-03-02 14:24:25,c5bf74fa6a59e8984600f0a18c42797816cbd474,Bldg3AP91
2015-03-02 14:24:27,2635e5178f262b43977104ca5aa5e538ba9d8892,Bldg3AP95
2015-03-02 14:24:28,8713db0be5310ac6a344e7f1cb9d6c487ab4e8fe,Bldg3AP94
2015-03-02 14:24:43,8713db0be5310ac6a344e7f1cb9d6c487ab4e8fe,Bldg3AP95
2015-03-02 14:24:52,30fd1b8a24323091b73ed55e84078d60fda80080,Bldg3AP92
2015-03-02 14:25:01,2635e5178f262b43977104ca5aa5e538ba9d8892,Bldg3AP95
2015-03-02 14:25:39,608fedda9c0ad07977d563341d8fb648b78233e7,Bldg3AP94
2015-03-02 14:25:41,ce9c3a2cdf98852f79ad1136055c719c357b1ae5,Bldg3AP91
2015-03-02 14:26:51,d681ca652bd2830c162b33bcdd468ea598c12b5c,Bldg3AP95
2015-03-02 14:27:00,72a5fc9c7f7197d0b897978a634617e04ac91ad1,Bldg3AP91
2015-03-02 14:27:41,a7ea8528c6747fd70ab830e48c4bf835a597aff2,Bldg3AP91
2015-03-02 14:28:22,1ba1bdb5b1bd611d0d3fb767a8d3df2c5e7113bc,Bldg3AP91
2015-03-02 14:28:28,1aad498658250673ad1755678f6df57621cb03bd,Bldg3AP94
2015-03-02 14:28:55,3e640fb2f60a552eeaa4b00d8755dbf1c810601e,Bldg3AP92
2015-03-02 14:29:02,af07aa955054c2726a1b67f10a9249d7a83cd231,Bldg3AP91
2015-03-02 14:29:03,9f3d5d4aaa57b9dad0a86e9959180d2092484073,Bldg3AP91
2015-03-02 14:29:12,1ba1bdb5b1bd611d0d3fb767a8d3df2c5e7113bc,Bldg3AP92
2015-03-02 14:29:18,57baf8e942f9b04d3e294ce36fca502e27b448c3,Bldg3AP95
2015-03-02 14:29:22,ffe83d30f32a3bff2520c885d528bdefb4efc42b,Bldg3AP91
2015-03-02 14:29:24,d2da9d9f7dc4ab06cbe3079ebe0b46aa4613cce4,Bldg3AP91
2015-03-02 14:29:34,9f3d5d4aaa57b9dad0a86e9959180d2092484073,Bldg3AP92
2015-03-02 14:29:48,2fddaa42e8367e93cdc9806bf97d0531e49c25bf,Bldg3AP94
2015-03-02 14:29:53,af07aa955054c2726a1b67f10a9249d7a83cd231,Bldg3AP91
2015-03-02 14:30:03,6d90379d609e5dbde5dde0bdc9ae93f3b5ccf861,Bldg3AP91
2015-03-02 14:30:05,2fddaa42e8367e93cdc9806bf97d0531e49c25bf,Bldg3AP92
2015-03-02 14:30:50,657ec8626f303d88fe404d659a4e8dbbcfaa133e,Bldg3AP91
2015-03-02 14:30:57,5f46512a6f952256014d49a1203f9ecddeb025ba,Bldg3AP92
2015-03-02 14:31:24,78e2730c1e62b4aca2d43cd41b67b9c492d0a184,Bldg3AP91
2015-03-02 14:31:45,0c0887a7bbd542c353e7ab91fa150f29732a2e37,Bldg3AP95
2015-03-02 14:31:49,383318e87aad5714334d5216e0864cbe99581e52,Bldg3AP95
2015-03-02 14:32:04,727db3faeedae10f577778592339cc92759145c9,Bldg3AP94
2015-03-02 14:32:09,c6489efa559e99a64e116c8a534358b33c00939e,Bldg3AP94
2015-03-02 14:32:11,d09dd3b8a9a3228ffa6841e6fdde78cd94397a8f,Bldg3AP92
2015-03-02 14:32:18,7551210a6dd0b54aa5ba784bf0037fa540fab108,Bldg3AP92
2015-03-02 14:32:21,383318e87aad5714334d5216e0864cbe99581e52,Bldg3AP91
2015-03-02 14:32:27,aaaa78120710c9a6286ec31805d3ec454858b0e0,Bldg3AP92
2015-03-02 14:32:29,dc4d6581ef310edb1459a1180cc4f3a0fe5829a7,Bldg3AP91
2015-03-02 14:33:32,78e2730c1e62b4aca2d43cd41b67b9c492d0a184,Bldg3AP91
2015-03-02 14:33:47,c77d8d370ec7803fe4c667e2ff142e1a618ae857,Bldg3AP92
2015-03-02 14:33:48,231e9a8de20e9e9346aebba92215f5810c37ff27,Bldg3AP94
2015-03-02 14:33:48,8b878fbda6044ebf90f5cc73ffa0aa14626f0ceb,Bldg3AP95
2015-03-02 14:33:59,8b878fbda6044ebf90f5cc73ffa0aa14626f0ceb,Bldg3AP94
2015-03-02 14:33:59,57baf8e942f9b04d3e294ce36fca502e27b448c3,Bldg3AP94
2015-03-02 14:34:22,c77d8d370ec7803fe4c667e2ff142e1a618ae857,Bldg3AP92
2015-03-02 14:35:10,78e2730c1e62b4aca2d43cd41b67b9c492d0a184,Bldg3AP91
2015-03-02 14:35:10,b4ad7d31acd0a68f5e3b025e2a355f0378d1de91,Bldg3AP91
2015-03-02 14:35:39,e7723406c6a69f2ab464a9fc950e31b6e6ee20f6,Bldg3AP95
2015-03-02 14:35:53,e7723406c6a69f2ab464a9fc950e31b6e6ee20f6,Bldg3AP94
2015-03-02 14:36:22,8b878fbda6044ebf90f5cc73ffa0aa14626f0ceb,Bldg3AP91
2015-03-02 14:36:23,727db3faeedae10f577778592339cc92759145c9,Bldg3AP94
2015-03-02 14:36:24,35d2e282f5b5810193a3ab6492f0f3cd8d6fa6e9,Bldg3AP95
2015-03-02 14:36:33,35d2e282f5b5810193a3ab6492f0f3cd8d6fa6e9,Bldg3AP94
2015-03-02 14:36:34,13a4454b9375bc2a0de369eac7aa86d6845e1155,Bldg3AP91
2015-03-02 14:36:39,45f381c8bcc996ef7c8b4a79d26d2b43305811cf,Bldg3AP91
2015-03-02 14:36:39,0082049c79c5c006595d670a642b08ec2ad44d75,Bldg3AP92
2015-03-02 14:36:47,9272d8116436fa3760f0ddb2fc334246f6984f67,Bldg3AP91
2015-03-02 14:36:47,523a23a867dac93a1d52b85e24acf0613de2cfbf,Bldg3AP91
2015-03-02 14:36:54,35d2e282f5b5810193a3ab6492f0f3cd8d6fa6e9,Bldg3AP91
2015-03-02 14:37:05,9af3d70c43978d3383edf11de1faf3dd42e2dfc7,Bldg3AP91
2015-03-02 14:37:34,e2e33e9d5db0cd4251e3ffd0e556104176be4893,Bldg3AP91
2015-03-02 14:37:46,30cb6635f2c8c9b70b01799e42dc24d3028a2ed7,Bldg3AP92
2015-03-02 14:38:10,8ae8f5f51791d44a872e6e0c03b27184f95fd493,Bldg3AP92
2015-03-02 14:38:33,5f2490593f7e71adee65e84c59eb76c7d016ac92,Bldg3AP91
2015-03-02 14:38:34,9d7c7057b6169841c6a012bf4515769925da3934,Bldg3AP94
2015-03-02 14:38:42,dc684f51a58a04e29db46054134215cc86241597,Bldg3AP91
2015-03-02 14:38:57,c75dbdea6a5e62e09e73fb8dd9ad5f9f697e10b5,Bldg3AP92
2015-03-02 14:39:18,f2e2a912b46d50f3bb049a04294ee3d6dfeb9e16,Bldg3AP95
2015-03-02 14:39:21,f26d4428ac279338462aca4e7456b7ecbb9375fb,Bldg3AP91
2015-03-02 14:39:23,087b099b580d9ea5bf09627e99c0e561f9b64f5d,Bldg3AP94
2015-03-02 14:39:27,f2e2a912b46d50f3bb049a04294ee3d6dfeb9e16,Bldg3AP94
2015-03-02 14:39:33,f26d4428ac279338462aca4e7456b7ecbb9375fb,Bldg3AP92
2015-03-02 14:39:40,13a4454b9375bc2a0de369eac7aa86d6845e1155,Bldg3AP91
2015-03-02 14:39:43,5b106fefa988bb0c50f63d630d707e4e5541506b,Bldg3AP91
2015-03-02 14:39:48,f26d4428ac279338462aca4e7456b7ecbb9375fb,Bldg3AP94
2015-03-02 14:39:54,95b4616b86d60ac3057e4f9ca2972f4ab584be12,Bldg3AP92
2015-03-02 14:39:58,88f4ac58aca842fbd1c7b8ebf09829b9335d2c04,Bldg3AP95
2015-03-02 14:39:58,f26d4428ac279338462aca4e7456b7ecbb9375fb,Bldg3AP95
2015-03-02 14:40:09,dfb14cc978d2f20eccc14afa21794132bf6f92d2,Bldg3AP91
2015-03-02 14:40:13,95b4616b86d60ac3057e4f9ca2972f4ab584be12,Bldg3AP94
2015-03-02 14:40:14,b391d07ba4e3202c92920b55ed0e8e7528e21851,Bldg3AP92
2015-03-02 14:40:25,8014ea68bb1da234e66604376b952e6d588047b7,Bldg3AP95
2015-03-02 14:40:53,087b099b580d9ea5bf09627e99c0e561f9b64f5d,Bldg3AP94
2015-03-02 14:41:13,f2e2a912b46d50f3bb049a04294ee3d6dfeb9e16,Bldg3AP94
2015-03-02 14:41:46,e503a0fdb01f4dc483d430dd256a95af110a1638,Bldg3AP95
2015-03-02 14:41:53,a33bc8c82f51b86bd13868803037177bff11dc4c,Bldg3AP94
2015-03-02 14:42:07,9b5fbdcc0511b872bebb0ded66f1fc2503bdf6c3,Bldg3AP92
2015-03-02 14:42:19,63a2fcedb2660b6edfcdeb06f1e8d1cbffcab58d,Bldg3AP92
2015-03-02 14:42:24,a33bc8c82f51b86bd13868803037177bff11dc4c,Bldg3AP91
2015-03-02 14:42:27,e2e33e9d5db0cd4251e3ffd0e556104176be4893,Bldg3AP91
2015-03-02 14:43:18,a350e6418feb6a65ae49c348ed1f3511e8a8821f,Bldg3AP95
2015-03-02 14:43:33,a62d745783827c8a13c2daf2e1480ac633c476f5,Bldg3AP91
2015-03-02 14:43:45,a350e6418feb6a65ae49c348ed1f3511e8a8821f,Bldg3AP92
2015-03-02 14:43:58,d93f04221576e7e5adb8502fe6ffd8e92888ee31,Bldg3AP95
2015-03-02 14:44:06,a350e6418feb6a65ae49c348ed1f3511e8a8821f,Bldg3AP91
2015-03-02 14:44:15,59c5a3cb87873b76e45722cc707792c3f1167413,Bldg3AP95
2015-03-02 14:44:18,013d3edf931879a48ce5e53d6ab03cd79fbb348e,Bldg3AP92
2015-03-02 14:45:09,70a48ec709816043397e3dc7ee6b49ceafabda7f,Bldg3AP92
2015-03-02 14:45:16,70a48ec709816043397e3dc7ee6b49ceafabda7f,Bldg3AP92
2015-03-02 14:45:33,93e00a073623a6d5390fe597d8199fe3695b1fb9,Bldg3AP94
2015-03-02 14:45:35,6ca5be59e4ac9089c097a45d73c3648e2ba97ef2,Bldg3AP94
2015-03-02 14:45:51,bd0b0faf77a4f6006354f93da94b0414c1efce03,Bldg3AP95
2015-03-02 14:46:02,78e383d47d34c0cb6001699cd92892f5a2c97437,Bldg3AP91
2015-03-02 14:46:07,acb6c147da3bb613632df4d41e1afd661107eee5,Bldg3AP91
2015-03-02 14:46:12,a7adf47051f671de8ca07d6ace2a6c10ec9f6954,Bldg3AP91
2015-03-02 14:46:27,78e383d47d34c0cb6001699cd92892f5a2c97437,Bldg3AP91
2015-03-02 14:46:29,11fe3f8f017a6a220894823faf436f907f6a62c7,Bldg3AP91
2015-03-02 14:46:35,bd0b0faf77a4f6006354f93da94b0414c1efce03,Bldg3AP91
2015-03-02 14:46:36,d2695e7b52c6fb7e9890f41a52b57e67ffcfb84a,Bldg3AP91
2015-03-02 14:46:42,76ecdb26afddcd01d7135c7c19940e3bf680108b,Bldg3AP92
2015-03-02 14:46:45,d09dd3b8a9a3228ffa6841e6fdde78cd94397a8f,Bldg3AP92
2015-03-02 14:46:46,934c8bf4b74ce4c7d608aba5b75811066d49fc2e,Bldg3AP95
2015-03-02 14:46:54,11fe3f8f017a6a220894823faf436f907f6a62c7,Bldg3AP94
2015-03-02 14:46:57,e26ca5bb295810fd76f1637f352558970dc702ee,Bldg3AP94
2015-03-02 14:47:03,7c96166933c538c76bb2ed590f5c8806fef97d04,Bldg3AP91
2015-03-02 14:47:12,dc684f51a58a04e29db46054134215cc86241597,Bldg3AP94
2015-03-02 14:47:18,5bf1dc04be1010adaa538d250f8381f90f8d1d25,Bldg3AP95
2015-03-02 14:47:23,a9a442d12d1b77d233b984d257185de468e02d30,Bldg3AP91
2015-03-02 14:47:29,a9a442d12d1b77d233b984d257185de468e02d30,Bldg3AP92
2015-03-02 14:47:42,a9a442d12d1b77d233b984d257185de468e02d30,Bldg3AP94
2015-03-02 14:47:53,a9a442d12d1b77d233b984d257185de468e02d30,Bldg3AP95
2015-03-02 14:47:58,43455a8f8cb69765ae5d0d990a3cdd7a6da86e3a,Bldg3AP91
2015-03-02 14:48:17,8cf2a5d36fa13b86c81bfc98b14a01a250a8b3c1,Bldg3AP92
2015-03-02 14:48:17,23efaea407bd357f73da1e2e3db5abb57266b064,Bldg3AP92
2015-03-02 14:48:19,b6f4d1f6fb14e5a3d2ce4135d3f4ab64e6290e1f,Bldg3AP91
2015-03-02 14:48:30,43455a8f8cb69765ae5d0d990a3cdd7a6da86e3a,Bldg3AP92
2015-03-02 14:48:40,df68f949a552a663a1e35b8470e00489600abd2b,Bldg3AP91
2015-03-02 14:48:53,93dc39a2c7b32107b920b67ec6fe383ca5675c28,Bldg3AP91
2015-03-02 14:49:27,f2829e627d6dfda327335c0e11d1dbc868677ad8,Bldg3AP91
2015-03-02 14:50:12,ed94aae0eea914fb261c92fd81c8f6fbf1334e66,Bldg3AP95
2015-03-02 14:51:22,f7cdc28745b8433724d14d2eb6426e701fb99704,Bldg3AP92
2015-03-02 14:51:28,6d690b9e48f64e76e6bf5cbc83b4d9e113c227eb,Bldg3AP94
2015-03-02 14:51:48,0cf7bdf4e501aac150e95c4c9f433edc52d1bab5,Bldg3AP92
2015-03-02 14:51:57,5bf1dc04be1010adaa538d250f8381f90f8d1d25,Bldg3AP95
2015-03-02 14:52:06,545df2e284de3a4bf41d693653deb1d069a7998a,Bldg3AP91
2015-03-02 14:52:11,cdbdfca499cafc52207f8e7d866e76dc22e8bf5e,Bldg3AP94
2015-03-02 14:52:21,c445820958fdfa6543485523174d698ba1ef0b60,Bldg3AP91
2015-03-02 14:52:22,8c34cab866aec82106bcecdb98dabc3aac939905,Bldg3AP92
2015-03-02 14:52:22,cdbdfca499cafc52207f8e7d866e76dc22e8bf5e,Bldg3AP92
2015-03-02 14:52:28,1dc67890172663d7df3a618d8518f976f3309b4c,Bldg3AP91
2015-03-02 14:52:33,21733396557aef62dead8b2fbe637bae37561cc5,Bldg3AP94
2015-03-02 14:52:36,c445820958fdfa6543485523174d698ba1ef0b60,Bldg3AP92
2015-03-02 14:52:45,1ccf7567266382b437294201404a5f04e6f40d62,Bldg3AP92
2015-03-02 14:52:57,cc2f047f8cbb77cf6e53477b6f01da2d30f9945b,Bldg3AP95
2015-03-02 14:52:58,cc2f047f8cbb77cf6e53477b6f01da2d30f9945b,Bldg3AP95
2015-03-02 14:53:11,446681a9f0fb161e98edf647c4c610316006ca8a,Bldg3AP91
2015-03-02 14:53:29,9ea3b1dff2345bf28f6b48977a2c1fab89f295f0,Bldg3AP91
2015-03-02 14:53:30,95b682915bc74e29966896efd1534c38fae95cfc,Bldg3AP94
2015-03-02 14:53:40,5b71920c83839392386d6ac1c2471653ed77ce58,Bldg3AP94
2015-03-02 14:53:47,eebe25cba2bcf77481d8efa4c7f9f877a7ea4a76,Bldg3AP92
2015-03-02 14:53:53,210762d34c4cb77039d656e3b9323dbc388fc3b1,Bldg3AP94
2015-03-02 14:53:59,a98dcacf8cedb14c300ae700c417760c070daebe,Bldg3AP91
2015-03-02 14:54:33,ad5268b6a8298fccf670a911ff60bbc30c70993e,Bldg3AP95
2015-03-02 14:54:33,c8b6f427c12463f25a9dec783ee720eef6959c73,Bldg3AP92
2015-03-02 14:54:35,d96898c7f40c0b869b9be53cc344ee2bddd67588,Bldg3AP94
2015-03-02 14:56:01,e18a08fb84979c39a078d4472e803329ff9573c1,Bldg3AP91
2015-03-02 14:56:03,3a20150e2d8f2865320b47c7f34cf1ddf517e40c,Bldg3AP91
2015-03-02 14:56:22,97008d5d0f3721ef39c844c111fde1a010a3a078,Bldg3AP91
2015-03-02 14:56:30,e18a08fb84979c39a078d4472e803329ff9573c1,Bldg3AP92
2015-03-02 14:56:40,d09dd3b8a9a3228ffa6841e6fdde78cd94397a8f,Bldg3AP92
2015-03-02 14:56:43,e4df2ef037a933bb5ed6bda51458f75a23282a99,Bldg3AP94
2015-03-02 14:56:54,dcf5d62bdbaae6f36d2e6701f92abd24205355f4,Bldg3AP94
2015-03-02 14:57:07,e18a08fb84979c39a078d4472e803329ff9573c1,Bldg3AP95
2015-03-02 14:57:18,cec2c1d2dac2b1c33f55bd9787b65f433a59ee4d,Bldg3AP95
2015-03-02 14:57:22,cec2c1d2dac2b1c33f55bd9787b65f433a59ee4d,Bldg3AP94
2015-03-02 14:57:40,947f109372d1e0b5be00877b266675eeda8f55b7,Bldg3AP91
2015-03-02 14:57:41,93611abea0ec4700c29fc0ea1e1cc3401c184e3a,Bldg3AP92
2015-03-02 14:57:47,95b682915bc74e29966896efd1534c38fae95cfc,Bldg3AP94
2015-03-02 14:58:06,55704a99b1ce03496a92147295f417487e09e803,Bldg3AP91
2015-03-02 14:58:22,e4df2ef037a933bb5ed6bda51458f75a23282a99,Bldg3AP95
2015-03-02 14:58:39,93611abea0ec4700c29fc0ea1e1cc3401c184e3a,Bldg3AP92
2015-03-02 14:58:47,a307cc09a04b3ec5abd135746ec5090768f217ac,Bldg3AP95
2015-03-02 14:58:57,0750aa05edc4ac110aff419a2af9fe8a04046f6e,Bldg3AP94
2015-03-02 14:58:59,55704a99b1ce03496a92147295f417487e09e803,Bldg3AP92
2015-03-02 14:59:04,9cb1e812e361655618ee8a557254c9e159e7aa11,Bldg3AP95
2015-03-02 14:59:12,ae78eca99fe1ff760f32ea8f274c67f8372a1678,Bldg3AP94
2015-03-02 14:59:16,1e8796fdde9848f3e67347ef288c1501bb56136d,Bldg3AP94
2015-03-02 14:59:29,cfed18e956c18c2631178ffb5a0e1f676d452d71,Bldg3AP94
2015-03-02 14:59:36,f2964bec4fe9313d2df357878907df705ec66dc2,Bldg3AP91
2015-03-02 15:00:10,1f87a3b21f7bfb1c23036ca3f37bcb6578a659c0,Bldg3AP92
2015-03-02 15:00:17,0aff844811c31a65d15939f6d19fdc136a08967e,Bldg3AP91
2015-03-02 15:00:27,f2964bec4fe9313d2df357878907df705ec66dc2,Bldg3AP91
2015-03-02 15:00:28,f7a79cb4ad69b57b1b183489482616a17fdc74fa,Bldg3AP91
2015-03-02 15:00:34,a400b8fa368c8eb6c17075bc5a0250c1ef444dde,Bldg3AP92
2015-03-02 15:00:39,e65f0e1ad5f7221ff45447e42faa9f9dce0f250f,Bldg3AP92
2015-03-02 15:00:45,e65f0e1ad5f7221ff45447e42faa9f9dce0f250f,Bldg3AP92
2015-03-02 15:00:57,1392590eba13074dcd1c889ca413118168d04ef0,Bldg3AP94
2015-03-02 15:01:05,607f219ef2ba6d2f486a70a58972cad7aa73cde2,Bldg3AP94
2015-03-02 15:01:09,657ec8626f303d88fe404d659a4e8dbbcfaa133e,Bldg3AP91
2015-03-02 15:01:12,5490056d4a8f1b16a3e7dabd6a1615492e717912,Bldg3AP95
2015-03-02 15:01:22,5490056d4a8f1b16a3e7dabd6a1615492e717912,Bldg3AP94
2015-03-02 15:01:28,45b3cc8bf6498a57b21dad6cc0ea79687d84c467,Bldg3AP92
2015-03-02 15:01:29,db88ea6b700937ad23d325151b6fd7a62b8241fa,Bldg3AP95
2015-03-02 15:01:33,5490056d4a8f1b16a3e7dabd6a1615492e717912,Bldg3AP92
2015-03-02 15:01:33,3d4ed048f7efa2f876bb30326a181c7ce1cb3681,Bldg3AP91
2015-03-02 15:01:42,330ab32e8c4da080066011f058ec8f5b5221ce97,Bldg3AP95
2015-03-02 15:02:05,a17721b36127b62ab8aabb3a31d8b6c3c0f0fb18,Bldg3AP91
2015-03-02 15:02:05,e2d30bc2638dc21054cb70ce0a517730d797f4c8,Bldg3AP94
2015-03-02 15:02:09,7f52664aba3187b16b2534040365c4fa09359560,Bldg3AP91
2015-03-02 15:02:11,3881fc119d29f83e2f4ee8d4b2257658f5e695ff,Bldg3AP92
2015-03-02 15:02:22,9d7c7057b6169841c6a012bf4515769925da3934,Bldg3AP92
2015-03-02 15:02:29,e5b344efcc598616ede5a87d25a81309d9a2ce21,Bldg3AP91
2015-03-02 15:02:41,ee3eb91a3ec3fb0f26bb773133b26fe226fc8ff2,Bldg3AP94
2015-03-02 15:02:58,ee3eb91a3ec3fb0f26bb773133b26fe226fc8ff2,Bldg3AP92
2015-03-02 15:03:03,aaaa78120710c9a6286ec31805d3ec454858b0e0,Bldg3AP94
2015-03-02 15:03:03,43e275f6679dcf528872582aeca324edf7c3352a,Bldg3AP95
2015-03-02 15:03:06,09c35d5e3d49161bb1e56f390908f29c97d37484,Bldg3AP92
2015-03-02 15:03:10,ee3eb91a3ec3fb0f26bb773133b26fe226fc8ff2,Bldg3AP91
2015-03-02 15:03:10,6c2f5a3e6c205acd043fc6133af3065ef693dad1,Bldg3AP91
2015-03-02 15:03:48,c7cbf9d0d8292422b9350d5cc3277977258a11c9,Bldg3AP92
2015-03-02 15:04:11,0750aa05edc4ac110aff419a2af9fe8a04046f6e,Bldg3AP94
2015-03-02 15:04:12,29d264941619df8dbe0bdd8908da0e5dc322b382,Bldg3AP91
2015-03-02 15:04:21,93611abea0ec4700c29fc0ea1e1cc3401c184e3a,Bldg3AP92
2015-03-02 15:04:27,0750aa05edc4ac110aff419a2af9fe8a04046f6e,Bldg3AP92
2015-03-02 15:04:27,91f4bc964438829644269245aeff90a751d2f122,Bldg3AP94
2015-03-02 15:04:28,a583979846817d9e5192907ab5f3c2bdb5f252ae,Bldg3AP91
2015-03-02 15:04:51,013d3edf931879a48ce5e53d6ab03cd79fbb348e,Bldg3AP95
2015-03-02 15:04:53,070e89fb87e2e51fdafa0b5a3d34a7e9ac36a698,Bldg3AP94
2015-03-02 15:04:57,93611abea0ec4700c29fc0ea1e1cc3401c184e3a,Bldg3AP92
2015-03-02 15:05:03,21733396557aef62dead8b2fbe637bae37561cc5,Bldg3AP94
2015-03-02 15:05:04,8970381e7e0a494f4108d70ef72950793dd7ddbc,Bldg3AP94
2015-03-02 15:05:06,947f109372d1e0b5be00877b266675eeda8f55b7,Bldg3AP91
2015-03-02 15:05:10,0750aa05edc4ac110aff419a2af9fe8a04046f6e,Bldg3AP91
2015-03-02 15:05:11,95bdcf03df8cf080f5babb743de9f2fe4ddab37b,Bldg3AP91
2015-03-02 15:05:16,091adf0d72e20b0335aabe2dd3557aba4cfddb10,Bldg3AP95
2015-03-02 15:05:16,8970381e7e0a494f4108d70ef72950793dd7ddbc,Bldg3AP91
2015-03-02 15:05:34,8b7f5bfc46da52e0f66ad2982470438947b5a7ee,Bldg3AP91
2015-03-02 15:05:40,28fa81d74e0f6700f2de9d39b73a664cca2d4a7f,Bldg3AP95
2015-03-02 15:05:47,28fa81d74e0f6700f2de9d39b73a664cca2d4a7f,Bldg3AP94
2015-03-02 15:05:57,2d32a95dde46f2f6c9b0532978c2dba3759b9af9,Bldg3AP92
2015-03-02 15:05:58,c4c4a8db926ac6a993d795a9ff7ab86f172f1544,Bldg3AP95
2015-03-02 15:06:03,6059ffa73a4e3759ebaf5afe043282724c3a177f,Bldg3AP95
2015-03-02 15:06:09,3f2aa7288f2b1e1269f5da6964046dfc4eb772ce,Bldg3AP91
2015-03-02 15:06:11,c4c4a8db926ac6a993d795a9ff7ab86f172f1544,Bldg3AP94
2015-03-02 15:06:15,22f0898421cf69952e96f2a2231f1748be8f9ce3,Bldg3AP94
2015-03-02 15:06:27,5d8ab1220a8ef14f363de0d637315996c5e8cd3a,Bldg3AP94
2015-03-02 15:06:28,22f0898421cf69952e96f2a2231f1748be8f9ce3,Bldg3AP92
2015-03-02 15:06:30,6c4d513a4658088a113a99efbe09bbebd9d6bf52,Bldg3AP91
2015-03-02 15:06:33,6d8626375f424d65dc9e1ecc9b98f9aa102733e8,Bldg3AP95
2015-03-02 15:06:34,d09dd3b8a9a3228ffa6841e6fdde78cd94397a8f,Bldg3AP92
2015-03-02 15:06:35,13c2d2cd5bfbc2e848bb318211305343f5d0f9f0,Bldg3AP94
2015-03-02 15:06:36,5d8ab1220a8ef14f363de0d637315996c5e8cd3a,Bldg3AP94
2015-03-02 15:06:39,7a5e45cf1b9611aca309bcdd1f07333f4fc0a0ca,Bldg3AP94
2015-03-02 15:06:40,28fa81d74e0f6700f2de9d39b73a664cca2d4a7f,Bldg3AP91
2015-03-02 15:06:41,02830e3981ddf05217ed03966bb4ee5f18839936,Bldg3AP92
2015-03-02 15:06:57,6d4788fdc1ecd6f8f6e7376035b6bb43f14b7a14,Bldg3AP92
2015-03-02 15:07:11,6d4788fdc1ecd6f8f6e7376035b6bb43f14b7a14,Bldg3AP91
2015-03-02 15:07:18,f54aba963d01da99ba3cbddc1d6d2a5ff566f668,Bldg3AP91
2015-03-02 15:07:21,ef77d40a7bbff34bc0b724ae889bed61635299da,Bldg3AP91
2015-03-02 15:07:27,d3c350402a5d49f0a518db6d28b5fd09d3b6f2af,Bldg3AP94
2015-03-02 15:07:33,c841f4edc43e4f3e7e04ffcb31536b69e5e6c515,Bldg3AP95
2015-03-02 15:07:45,94a4c75ec9708ffd6b48c2daddfe066df00438c0,Bldg3AP91
2015-03-02 15:07:58,2293022ca9a7de2656a27f2878aac8559e03d5ef,Bldg3AP91
2015-03-02 15:08:03,dfb14cc978d2f20eccc14afa21794132bf6f92d2,Bldg3AP91
2015-03-02 15:08:10,dfb14cc978d2f20eccc14afa21794132bf6f92d2,Bldg3AP91
2015-03-02 15:08:16,b6350f570321779fd4fa3e6c5bef4d65da35008e,Bldg3AP94
2015-03-02 15:08:22,e40c88e1e69a03d0045f13dc2aef04b00f5a0027,Bldg3AP92
2015-03-02 15:08:23,0ff301669bcfd403352e0bbb2f553c38e911077e,Bldg3AP91
2015-03-02 15:08:34,164a22966eed262c576ab204ac930a3a961441a8,Bldg3AP91
2015-03-02 15:08:40,fa13909313ef8efad0b5e4d8730c99321155a932,Bldg3AP95
2015-03-02 15:08:53,ed69725deede89a4409f2e0094d7209108bdc0a2,Bldg3AP94
2015-03-02 15:08:53,52d597ee80b3c5c7286595d1ea2f735fa2147ad9,Bldg3AP91
2015-03-02 15:08:54,a17721b36127b62ab8aabb3a31d8b6c3c0f0fb18,Bldg3AP94
2015-03-02 15:09:00,3946b8c1f76c8b0970c1c63ef624c0ad3449930f,Bldg3AP94
2015-03-02 15:09:29,7b9e92fb27fa65890decdeaa5e5c5278ccb1985b,Bldg3AP95
2015-03-02 15:09:33,ee3eb91a3ec3fb0f26bb773133b26fe226fc8ff2,Bldg3AP92
2015-03-02 15:09:42,ee3eb91a3ec3fb0f26bb773133b26fe226fc8ff2,Bldg3AP94
2015-03-02 15:09:51,df01f8d2e86a4cf16ac39009e069462abde7860b,Bldg3AP92
2015-03-02 15:10:03,6aa68516aff838ca6302e9194948bb8f855c7cc8,Bldg3AP91
2015-03-02 15:10:17,de6465dfbbf3f038e82f126fa112d4407226f6b8,Bldg3AP94
2015-03-02 15:10:19,f0d42d3b7d5491ddbd8f94dac59a5d42da049124,Bldg3AP94
2015-03-02 15:10:21,9669b5b210322925a1516e6e4c948838df624591,Bldg3AP91
2015-03-02 15:10:24,6059ffa73a4e3759ebaf5afe043282724c3a177f,Bldg3AP94
2015-03-02 15:10:35,dfc92300e7b494a6ec5a666037e683e3285a8831,Bldg3AP92
2015-03-02 15:10:42,c389c078547d413d9b34bb4771fbb3515e93b375,Bldg3AP91
2015-03-02 15:10:52,9669b5b210322925a1516e6e4c948838df624591,Bldg3AP92
2015-03-02 15:11:03,1b735266f6d58cd2fa0a7210af2e2ef0ba462bfd,Bldg3AP92
2015-03-02 15:11:06,666eca94ae4b3d856e9a7b056c954291c770c6d2,Bldg3AP91
2015-03-02 15:11:41,06daae562aa77cc8c7f66c7baee9cdf679a21ca0,Bldg3AP95
2015-03-02 15:11:45,4f9b8d232d9a6c7e48cb9f8c29dbf227eb125d70,Bldg3AP95
2015-03-02 15:11:48,7bf2e142307d6db5287ea10c1f4afd8c3b98923f,Bldg3AP95
2015-03-02 15:11:57,f6cb42d7cd9ddbf03d66d963e2067351c0e09886,Bldg3AP92
2015-03-02 15:11:57,06daae562aa77cc8c7f66c7baee9cdf679a21ca0,Bldg3AP92
2015-03-02 15:12:04,df28e3a43a1eded7ea7d31a7a81eb7ceb4916cd0,Bldg3AP91
2015-03-02 15:12:09,4f9b8d232d9a6c7e48cb9f8c29dbf227eb125d70,Bldg3AP92
2015-03-02 15:12:12,c13a77653c8318248ee49d080bc854feef1d9410,Bldg3AP94
2015-03-02 15:12:16,0d59b294239a42d11146864189151071b42d2332,Bldg3AP91
2015-03-02 15:12:16,29f8e4306f32e9da93390a945c78c633cf40ce9c,Bldg3AP91
2015-03-02 15:12:28,5490056d4a8f1b16a3e7dabd6a1615492e717912,Bldg3AP92
2015-03-02 15:12:30,9669b5b210322925a1516e6e4c948838df624591,Bldg3AP94
2015-03-02 15:12:59,e2e33e9d5db0cd4251e3ffd0e556104176be4893,Bldg3AP91
2015-03-02 15:12:59,5490056d4a8f1b16a3e7dabd6a1615492e717912,Bldg3AP94
2015-03-02 15:13:11,0bc59a073ef26f55603acae3626e621329013bb9,Bldg3AP94
2015-03-02 15:13:15,a92318994f98ad12195254497f3b1b36de6ad27e,Bldg3AP94
2015-03-02 15:13:17,0c0887a7bbd542c353e7ab91fa150f29732a2e37,Bldg3AP95
2015-03-02 15:13:23,e079d857c2411d85354d9220e67d782adcfbe99f,Bldg3AP95
2015-03-02 15:13:33,acdb548c1c07c93333af06a8e10be56d0fd7f3f7,Bldg3AP95
2015-03-02 15:13:40,b5b709f2f7048d510ef13048da1547a32ca755ba,Bldg3AP91
2015-03-02 15:13:48,3f2aa7288f2b1e1269f5da6964046dfc4eb772ce,Bldg3AP95
2015-03-02 15:13:52,bd2b915bf98b917ee705a6f69d63da47fc278db0,Bldg3AP92
2015-03-02 15:13:54,0c43243da97f1e2a5e2161151842c80177dc487f,Bldg3AP95
2015-03-02 15:14:03,9669b5b210322925a1516e6e4c948838df624591,Bldg3AP94
2015-03-02 15:14:09,852c6cff9f541cbe9c53304c7ced0a9e40baa15f,Bldg3AP92
2015-03-02 15:14:15,9669b5b210322925a1516e6e4c948838df624591,Bldg3AP95
2015-03-02 15:14:16,0c43243da97f1e2a5e2161151842c80177dc487f,Bldg3AP91
2015-03-02 15:14:34,215c6d371f3f3e41247d0d78751ab297c50c3f9c,Bldg3AP91
2015-03-02 15:14:36,215c6d371f3f3e41247d0d78751ab297c50c3f9c,Bldg3AP92
2015-03-02 15:14:51,9a595fbd867009479f098a90dd41684dbc108905,Bldg3AP95
2015-03-02 15:15:04,5b97dc89bcebb4ef62258d78569a9e921cf0d523,Bldg3AP94
2015-03-02 15:15:05,0feab35c1bc3d16ac755fafbb73de33203459ef9,Bldg3AP94
2015-03-02 15:15:05,aa45a1afafb9fa61e14ca02486f81a759f6f1b5b,Bldg3AP95
2015-03-02 15:15:10,752cc5099cfc88d29f75ff8c72943cb2be6a45d8,Bldg3AP92
2015-03-02 15:15:23,aa45a1afafb9fa61e14ca02486f81a759f6f1b5b,Bldg3AP92
2015-03-02 15:15:34,9a595fbd867009479f098a90dd41684dbc108905,Bldg3AP91
2015-03-02 15:15:35,aa45a1afafb9fa61e14ca02486f81a759f6f1b5b,Bldg3AP91
2015-03-02 15:15:58,632b7bb1194fec79e48a2f6f54705a215f065d83,Bldg3AP92
2015-03-02 15:15:58,716151aef06fe77bd2e2512b3862e2cabf98bd74,Bldg3AP92
2015-03-02 15:16:10,fef836dd8248823f8a8134543d26934f21ac4a11,Bldg3AP91
2015-03-02 15:16:10,8b12f90690216de1103d32c266eafbb5798c56b2,Bldg3AP94
2015-03-02 15:16:27,c0cf70d785b1470ef53e1ddc2d4cffac65570683,Bldg3AP91
2015-03-02 15:16:36,d09dd3b8a9a3228ffa6841e6fdde78cd94397a8f,Bldg3AP92
2015-03-02 15:16:39,7c856d48fc37bb11f16728899651e4dec73b6d7c,Bldg3AP92
2015-03-02 15:16:58,5b97dc89bcebb4ef62258d78569a9e921cf0d523,Bldg3AP91
2015-03-02 15:16:59,ec83d29a73c54fe1eed692f422bc6862132b69dc,Bldg3AP92
2015-03-02 15:17:10,7315d70cc766e42a318892e7683d296d5eb68bc9,Bldg3AP92
2015-03-02 15:17:10,f78abeffa93170865d5c7cf4296da4b8cd3586be,Bldg3AP92
2015-03-02 15:17:27,c55c74e912c07a3256d49fd572fbbfa8a16e75b8,Bldg3AP91
2015-03-02 15:17:28,f78abeffa93170865d5c7cf4296da4b8cd3586be,Bldg3AP91
2015-03-02 15:17:45,45db1473a39c66704d42ee9e09b8c6a0c96bd26e,Bldg3AP95
2015-03-02 15:18:27,2ae4392932ce2549bd7599ba1944d6717ce1aeec,Bldg3AP95
2015-03-02 15:18:29,8be45c25e9ec4d3c440c3719893c9c851ff18e09,Bldg3AP91
2015-03-02 15:18:39,2ae4392932ce2549bd7599ba1944d6717ce1aeec,Bldg3AP94
2015-03-02 15:18:41,f8d57bdb5a1c0acc10a15136da027c64144725ba,Bldg3AP94
2015-03-02 15:18:51,8be45c25e9ec4d3c440c3719893c9c851ff18e09,Bldg3AP91
2015-03-02 15:18:54,c55c74e912c07a3256d49fd572fbbfa8a16e75b8,Bldg3AP91
2015-03-02 15:18:59,f8d57bdb5a1c0acc10a15136da027c64144725ba,Bldg3AP92
2015-03-02 15:18:59,cb9c84c112b831a96faba5e43f3c6a11ff02f602,Bldg3AP92
2015-03-02 15:18:59,c7601b8f5dafaad9f6806015cd574ac12efda360,Bldg3AP92
2015-03-02 15:19:11,852c6cff9f541cbe9c53304c7ced0a9e40baa15f,Bldg3AP94
2015-03-02 15:19:12,57b0a5555eadd00fe97a2f79e662abecaa9241ae,Bldg3AP92
2015-03-02 15:19:21,dbcaf35caa85b7ef75e2e7909be73538d1a16f2e,Bldg3AP92
2015-03-02 15:19:35,852c6cff9f541cbe9c53304c7ced0a9e40baa15f,Bldg3AP91
2015-03-02 15:19:36,8ba953f09361353900d67f106011a01475553c4d,Bldg3AP95
2015-03-02 15:19:39,b84c89810c8c99845c7df1b837fa6130a42ad0a1,Bldg3AP91
2015-03-02 15:19:42,15dcd827e7ffbf365cfb633e5501915e4dc5f5ea,Bldg3AP95
2015-03-02 15:19:46,e544134a6d6ae5d3a3776f291d80b928927bc74d,Bldg3AP92
2015-03-02 15:19:51,2b1985118049dac9070f1f64f6b478fd4851b992,Bldg3AP91
2015-03-02 15:20:04,15dcd827e7ffbf365cfb633e5501915e4dc5f5ea,Bldg3AP92
2015-03-02 15:20:05,b3097f4d03a0bcc3c05f97ddff8f8f3d7bb7d048,Bldg3AP91
2015-03-02 15:20:09,e544134a6d6ae5d3a3776f291d80b928927bc74d,Bldg3AP91
2015-03-02 15:20:16,f68373330bcf47d3db9b3c9729a4bd5f36312037,Bldg3AP94
2015-03-02 15:20:21,c8e5061efb7bfea51eb114bd911def0652b69ed4,Bldg3AP91
2015-03-02 15:20:24,c8e5061efb7bfea51eb114bd911def0652b69ed4,Bldg3AP91
2015-03-02 15:20:28,15dcd827e7ffbf365cfb633e5501915e4dc5f5ea,Bldg3AP91
2015-03-02 15:20:30,e475668f18b9703fb846652174f7d3a2ca6c10ed,Bldg3AP94
2015-03-02 15:20:35,956352765ed7f20c6f31cbb90099db4c1a0b1ff4,Bldg3AP95
2015-03-02 15:20:54,e475668f18b9703fb846652174f7d3a2ca6c10ed,Bldg3AP91
2015-03-02 15:20:55,c8e5061efb7bfea51eb114bd911def0652b69ed4,Bldg3AP95
2015-03-02 15:21:06,e475668f18b9703fb846652174f7d3a2ca6c10ed,Bldg3AP91
2015-03-02 15:21:09,709081b445d92f9af7fd755be88384d76b7dd120,Bldg3AP95
2015-03-02 15:21:16,7696d48a78a446a5eb7974adbfa4d2f0835f09d6,Bldg3AP95
2015-03-02 15:21:42,64d6f6c103f1439cc993941b6f282ba7a83b0c08,Bldg3AP92
2015-03-02 15:21:59,7064d0a4eb6b1e77c34699cdfb72f3dc9d254b3a,Bldg3AP95
2015-03-02 15:22:23,2fd5563e2ae31a2feb070dd4732bc369b593c51d,Bldg3AP94
2015-03-02 15:22:23,1f9ab28b28c4c367a998b4443fdbd0031e3ef8b4,Bldg3AP92
2015-03-02 15:22:34,ca26212f193a345b2b8abe9a77947f5275e7b98e,Bldg3AP91
2015-03-02 15:22:47,e544134a6d6ae5d3a3776f291d80b928927bc74d,Bldg3AP94
2015-03-02 15:22:54,dd869b3a492d4a1982250a838e8b2bef20a10aa1,Bldg3AP94
2015-03-02 15:22:54,9a40ba8250f247f8edf59347eb445c6de0f2a2f8,Bldg3AP95
2015-03-02 15:22:57,c9c9d9323e60ff2f28ba7ae453b03d5f6b36acd1,Bldg3AP95
2015-03-02 15:22:58,0875342d3b7e12e65fccf7917caa44a9493596a3,Bldg3AP95
2015-03-02 15:22:59,e544134a6d6ae5d3a3776f291d80b928927bc74d,Bldg3AP95
2015-03-02 15:23:13,2edf6744182b6dcbe10e4e273ea897f75dbbc51e,Bldg3AP92
2015-03-02 15:23:13,ca26212f193a345b2b8abe9a77947f5275e7b98e,Bldg3AP91
2015-03-02 15:23:15,c9c9d9323e60ff2f28ba7ae453b03d5f6b36acd1,Bldg3AP94
2015-03-02 15:23:18,c6cce6f7c3ba1176fdba61575f9f90c93ef91167,Bldg3AP91
2015-03-02 15:23:33,ca614254bef418458fbbe1be059ead11391c312c,Bldg3AP92
2015-03-02 15:23:50,5fd6c82e0fac65e1f8963a83bb4ed2f3011b7dd1,Bldg3AP91
2015-03-02 15:23:59,956352765ed7f20c6f31cbb90099db4c1a0b1ff4,Bldg3AP91
2015-03-02 15:24:06,0eccae866fac04bcef910a6d946eed7fcca4a33d,Bldg3AP94
2015-03-02 15:24:11,0eccae866fac04bcef910a6d946eed7fcca4a33d,Bldg3AP92
2015-03-02 15:24:18,3b7a6205d93105a2abe3d65dd4f8362341850571,Bldg3AP95
2015-03-02 15:24:27,6eacaaa83513dc6a0a873c36e4e2e06b51aa39e1,Bldg3AP91
2015-03-02 15:24:27,748ebfb0dc0da43d349fc01cf603696cc25c8920,Bldg3AP95
2015-03-02 15:24:35,0eccae866fac04bcef910a6d946eed7fcca4a33d,Bldg3AP91
2015-03-02 15:24:37,21ff7d4bad14aa52709ee6b41e91192ef324f8ec,Bldg3AP94
2015-03-02 15:24:41,6eacaaa83513dc6a0a873c36e4e2e06b51aa39e1,Bldg3AP92
2015-03-02 15:24:46,95abe4799449b4e7afad5fc61f1d99a0c99051e5,Bldg3AP95
2015-03-02 15:24:49,6e5df61f618f732e9b751612c0d61b010f2b7249,Bldg3AP95
2015-03-02 15:24:51,645f0dac6ea03f877d7b7fb56fdb5ed777eceb7c,Bldg3AP91
2015-03-02 15:24:54,ee830cee17b01d1f2050f3ab1962992f4aa65da0,Bldg3AP95
2015-03-02 15:25:00,6e5df61f618f732e9b751612c0d61b010f2b7249,Bldg3AP94
2015-03-02 15:25:00,95abe4799449b4e7afad5fc61f1d99a0c99051e5,Bldg3AP95
2015-03-02 15:25:07,4a391d341e4e6f15af1065f3191d54809bf95dd2,Bldg3AP94
2015-03-02 15:25:09,eb39828660845ecd0ed72cf6b6af3f434817bfff,Bldg3AP95
2015-03-02 15:25:10,76e53bcde95eea6a188cd26aaf8d930febf2557e,Bldg3AP94
2015-03-02 15:25:33,5bf0976fc48cd88fcd8f4d25356ae0275534e245,Bldg3AP94
2015-03-02 15:25:41,bd2b915bf98b917ee705a6f69d63da47fc278db0,Bldg3AP91
2015-03-02 15:25:41,eb39828660845ecd0ed72cf6b6af3f434817bfff,Bldg3AP92
2015-03-02 15:26:28,5202926fdd1073d8d02ec2bda75a4b50e807bfc1,Bldg3AP92
2015-03-02 15:27:12,3d98c58f117ebb0a338fa3833e20c094c76633ca,Bldg3AP94
2015-03-02 15:27:18,e815d129022fe77187e94f3467e535915d82c56a,Bldg3AP95
2015-03-02 15:27:18,b6b87b2314d10fe91d9a587240c32cfdf1ad9a4f,Bldg3AP94
2015-03-02 15:27:22,3d98c58f117ebb0a338fa3833e20c094c76633ca,Bldg3AP92
2015-03-02 15:27:40,c8efaa61a29fee772736264b3a766f52c3a8713a,Bldg3AP95
2015-03-02 15:27:40,363c595d58a0d9edf04bb0c0cebbc729afe9c5df,Bldg3AP95
2015-03-02 15:27:45,b6b87b2314d10fe91d9a587240c32cfdf1ad9a4f,Bldg3AP92
2015-03-02 15:28:03,b6b87b2314d10fe91d9a587240c32cfdf1ad9a4f,Bldg3AP91
2015-03-02 15:28:22,c7390d6c40b42ff78d7932c4625f8a9bc52ca73b,Bldg3AP91
2015-03-02 15:28:43,9a595fbd867009479f098a90dd41684dbc108905,Bldg3AP91
2015-03-02 15:28:48,b135a33889d03dfb264d7f737fbc9f43daf4cf0a,Bldg3AP95
2015-03-02 15:28:52,12de0fc1cb227a447e64856c95dd1781a46faa16,Bldg3AP91
2015-03-02 15:28:57,71a623c1e3de1d3be4d9df23ae0464f163e04ed6,Bldg3AP94
2015-03-02 15:29:00,3f5ee191ddc65d3f65f30b321f1de9977d50664b,Bldg3AP91
2015-03-02 15:29:01,68d5ebcf46556fdf3ee786d4100e16a6f66ef582,Bldg3AP92
2015-03-02 15:29:21,3f2aa7288f2b1e1269f5da6964046dfc4eb772ce,Bldg3AP95
2015-03-02 15:29:24,71a623c1e3de1d3be4d9df23ae0464f163e04ed6,Bldg3AP95
2015-03-02 15:29:25,3f2aa7288f2b1e1269f5da6964046dfc4eb772ce,Bldg3AP95
2015-03-02 15:29:46,8b888530667419d7a39ffcabecf0853312930e90,Bldg3AP95
2015-03-02 15:29:56,392b015591619610afc619892b0aab2cc1aa5534,Bldg3AP91
2015-03-02 15:29:59,5bf0976fc48cd88fcd8f4d25356ae0275534e245,Bldg3AP94
2015-03-02 15:29:59,68d5ebcf46556fdf3ee786d4100e16a6f66ef582,Bldg3AP94
2015-03-02 15:29:59,6cf4f221c0e504dcfcea604e4024e8c70f111a5f,Bldg3AP95
2015-03-02 15:30:06,f2ee40f02b7ceeedf49bcce8385c991ac8659884,Bldg3AP95
2015-03-02 15:30:11,6cf4f221c0e504dcfcea604e4024e8c70f111a5f,Bldg3AP94
2015-03-02 15:30:13,6b60590e34d4333b5018d64cc7981e831d8742fc,Bldg3AP92
2015-03-02 15:30:22,6cf4f221c0e504dcfcea604e4024e8c70f111a5f,Bldg3AP92
2015-03-02 15:30:33,f2ee40f02b7ceeedf49bcce8385c991ac8659884,Bldg3AP92
2015-03-02 15:30:33,11b2e1224acfc91cd5cd31f580f8116bab55ce92,Bldg3AP94
2015-03-02 15:30:36,6cf4f221c0e504dcfcea604e4024e8c70f111a5f,Bldg3AP91
2015-03-02 15:30:47,6b60590e34d4333b5018d64cc7981e831d8742fc,Bldg3AP91
2015-03-02 15:30:51,0b6868a0ba161cd6c3d14b79fec511bfaba158c0,Bldg3AP92
2015-03-02 15:31:01,63c825cddf3d1bf9d46e0e9415c6c06ded97756a,Bldg3AP94
2015-03-02 15:31:06,63c825cddf3d1bf9d46e0e9415c6c06ded97756a,Bldg3AP95
2015-03-02 15:31:39,e06ad27e53be9e145fa7bbad3ab0e97e4d268672,Bldg3AP91
2015-03-02 15:31:55,6fa3d2081b171d14f9f7d2123df8cee710e8db98,Bldg3AP95
2015-03-02 15:32:19,d155482c09fd7cf9e42c99e37b8e66ec130f8cbc,Bldg3AP92
2015-03-02 15:32:23,4a281483fb037468ddf60e4463684e7d2e878b2a,Bldg3AP95
2015-03-02 15:32:25,5a7b54b0e22f9bfe71c8b0f272ed78cb5aa48bb4,Bldg3AP91
2015-03-02 15:32:28,6fa3d2081b171d14f9f7d2123df8cee710e8db98,Bldg3AP94
2015-03-02 15:32:39,3f2aa7288f2b1e1269f5da6964046dfc4eb772ce,Bldg3AP95
2015-03-02 15:32:45,3bb2b3a665e658bbee6d88407d4189d3f400f2ed,Bldg3AP95
2015-03-02 15:33:17,3bb2b3a665e658bbee6d88407d4189d3f400f2ed,Bldg3AP92
2015-03-02 15:33:37,3828edd7cc49dd3c0d23b846b222a8aece39cc90,Bldg3AP92
2015-03-02 15:33:43,dac13dd30f5c325c171379fab9329dd80a25a070,Bldg3AP91
2015-03-02 15:33:53,5202926fdd1073d8d02ec2bda75a4b50e807bfc1,Bldg3AP92
2015-03-02 15:33:57,e75f9878d8db808c6dcadef25ec862a7d59542ec,Bldg3AP95
2015-03-02 15:34:21,3828edd7cc49dd3c0d23b846b222a8aece39cc90,Bldg3AP95
2015-03-02 15:34:31,9c4988282478c95db1590d505bf462eb14551f5a,Bldg3AP95
2015-03-02 15:34:52,b4ad7d31acd0a68f5e3b025e2a355f0378d1de91,Bldg3AP91
2015-03-02 15:35:03,38ce62bbe637025f76bd0118746ee5e47f3994e0,Bldg3AP91
2015-03-02 15:35:22,78e2730c1e62b4aca2d43cd41b67b9c492d0a184,Bldg3AP91
2015-03-02 15:35:33,ce68f3efa1ca2cc012aa2ca341346da59f0ff7de,Bldg3AP92
2015-03-02 15:35:33,580122f7609bae5db330ab48b8939f048398487e,Bldg3AP92
2015-03-02 15:35:39,a5d614bed5ea3229aa126eede418e94afb0886d7,Bldg3AP95
2015-03-02 15:35:59,358d86a2767cd1ade565162cbd5473f2154c4475,Bldg3AP95
2015-03-02 15:36:12,358d86a2767cd1ade565162cbd5473f2154c4475,Bldg3AP94
2015-03-02 15:36:15,9272d8116436fa3760f0ddb2fc334246f6984f67,Bldg3AP91
2015-03-02 15:36:18,9272d8116436fa3760f0ddb2fc334246f6984f67,Bldg3AP91
2015-03-02 15:36:36,df7e595f3dc333ad1bc348fc1c282d765eb0975a,Bldg3AP92
2015-03-02 15:37:06,7a1945f1eb5b67aa0950bed58ffefbbbe7f016bb,Bldg3AP91
2015-03-02 15:37:12,9e35e48bc9513902e5869ada7a4cb4c6405894fb,Bldg3AP95
2015-03-02 15:37:15,dfb14cc978d2f20eccc14afa21794132bf6f92d2,Bldg3AP91
2015-03-02 15:37:16,938884a732afe660e81928610d107fb2acaa8208,Bldg3AP94
2015-03-02 15:37:29,dfb14cc978d2f20eccc14afa21794132bf6f92d2,Bldg3AP91
2015-03-02 15:37:30,d89c6e75ce13df4bf55fffa29ed801798f04eff8,Bldg3AP91
2015-03-02 15:37:40,63c825cddf3d1bf9d46e0e9415c6c06ded97756a,Bldg3AP94
2015-03-02 15:37:47,8b976b6f977741a1628c60b43a186f94bb26dc79,Bldg3AP91
2015-03-02 15:38:09,63c825cddf3d1bf9d46e0e9415c6c06ded97756a,Bldg3AP95
2015-03-02 15:38:13,dfb14cc978d2f20eccc14afa21794132bf6f92d2,Bldg3AP91
2015-03-02 15:38:18,e85268a424a76411097bb9781ec84ed81386396a,Bldg3AP92
2015-03-02 15:38:28,164a22966eed262c576ab204ac930a3a961441a8,Bldg3AP91
2015-03-02 15:38:28,b4a7fe9502f67542571b2baeb1a319996815d6cb,Bldg3AP91
2015-03-02 15:39:01,e31bbffcae4c387a7be418828d90e0224616aa77,Bldg3AP95
2015-03-02 15:39:05,8bb2801aba226838c40c0bc1924be061b957d354,Bldg3AP95
2015-03-02 15:39:05,81c376e61395e2cdb3bffc32dde5c2618cf99ca6,Bldg3AP91
2015-03-02 15:39:09,75d21cb377166705129bcaf45205f9430954f72d,Bldg3AP92
2015-03-02 15:39:10,9a595fbd867009479f098a90dd41684dbc108905,Bldg3AP91
2015-03-02 15:39:15,8bb2801aba226838c40c0bc1924be061b957d354,Bldg3AP94
2015-03-02 15:39:34,8bb2801aba226838c40c0bc1924be061b957d354,Bldg3AP92
2015-03-02 15:39:37,e85268a424a76411097bb9781ec84ed81386396a,Bldg3AP94
2015-03-02 15:39:41,92b2917d524473d40ed0a05f6916d7719fe31cc2,Bldg3AP95
2015-03-02 15:39:44,7395143304a511de0e1c32ed23bf20f26fc5ccad,Bldg3AP94
2015-03-02 15:39:54,92b2917d524473d40ed0a05f6916d7719fe31cc2,Bldg3AP94
2015-03-02 15:40:10,3aa880a1b0449900c08ab1a989352fd742509940,Bldg3AP94
2015-03-02 15:40:34,3aa880a1b0449900c08ab1a989352fd742509940,Bldg3AP92
2015-03-02 15:40:40,e079d857c2411d85354d9220e67d782adcfbe99f,Bldg3AP91
2015-03-02 15:41:02,5a487c49fb20e23292be6f4a9ff8ebc1fca49617,Bldg3AP94
2015-03-02 15:41:02,37dd6ca9f1af7ae7399578e0ae7b898e1ea266d8,Bldg3AP91
2015-03-02 15:41:16,5a487c49fb20e23292be6f4a9ff8ebc1fca49617,Bldg3AP92
2015-03-02 15:41:22,ddb0d59dc1d338a01dfc200bbf105c71bf13789e,Bldg3AP91
2015-03-02 15:41:57,b4a7fe9502f67542571b2baeb1a319996815d6cb,Bldg3AP91
2015-03-02 15:42:05,bfc8b68d68d2dab9617891b25f1dc453044305b6,Bldg3AP92
2015-03-02 15:42:17,d0a731ec153c7ab51cfa0a5620da11b19bf8856f,Bldg3AP92
2015-03-02 15:42:31,ecb52c58d87671c60d2d6004f932f054f3a2da19,Bldg3AP91
2015-03-02 15:42:36,17f6a1693f86e11ab9f9a45427b969a8ec653fa1,Bldg3AP91
2015-03-02 15:42:46,bfc8b68d68d2dab9617891b25f1dc453044305b6,Bldg3AP94
2015-03-02 15:42:47,eb9433ab18d15451694cf0660fcd515cf9a17e06,Bldg3AP92
2015-03-02 15:43:00,a057be2c0d0cceb63ca316a507029afbc222acae,Bldg3AP91
2015-03-02 15:43:09,3ddf90a3de1a92b4c670216c267d1e6a33291f80,Bldg3AP91
2015-03-02 15:43:12,9272d8116436fa3760f0ddb2fc334246f6984f67,Bldg3AP91
2015-03-02 15:43:22,7aa18e51ded3e217b9c61b9c37e2d855dd66beef,Bldg3AP91
2015-03-02 15:43:46,6d690b9e48f64e76e6bf5cbc83b4d9e113c227eb,Bldg3AP91
2015-03-02 15:43:48,7881be48b9cfcdeef2fea66ace0f110064c5d97c,Bldg3AP94
2015-03-02 15:43:50,114ce746907095448d9db94a1e2f1cf3c346c254,Bldg3AP92
2015-03-02 15:43:54,450e31509c4a3446ab541b7368a3504892d54dfa,Bldg3AP94
2015-03-02 15:44:21,bfc8b68d68d2dab9617891b25f1dc453044305b6,Bldg3AP94
2015-03-02 15:44:47,bfc8b68d68d2dab9617891b25f1dc453044305b6,Bldg3AP92
2015-03-02 15:44:57,e2e33e9d5db0cd4251e3ffd0e556104176be4893,Bldg3AP91
2015-03-02 15:45:00,d6f56d423c093feb16d13c1f512f44563cc70460,Bldg3AP94
2015-03-02 15:45:22,7c7e07e46f1e02c3064e3287fe921fc6486b7091,Bldg3AP94
2015-03-02 15:45:23,3e650fdda38009de9fc8feaeac48b1b9cec713f0,Bldg3AP91
2015-03-02 15:45:31,2438b4c3195d0cb9ca7933fcd4d309d66ad38669,Bldg3AP92
2015-03-02 15:45:35,d6f56d423c093feb16d13c1f512f44563cc70460,Bldg3AP94
2015-03-02 15:45:45,9669b5b210322925a1516e6e4c948838df624591,Bldg3AP94
2015-03-02 15:45:59,6824bff7b1a924bfaafcb1badea80476f30eb34a,Bldg3AP94
2015-03-02 15:46:07,3e650fdda38009de9fc8feaeac48b1b9cec713f0,Bldg3AP91
2015-03-02 15:46:30,2438b4c3195d0cb9ca7933fcd4d309d66ad38669,Bldg3AP94
2015-03-02 15:46:34,bf2cdf18d335dec152f059179edf4886e958555a,Bldg3AP92
2015-03-02 15:46:35,897484f634a8b1f0620c4081ddc30ef773e7c096,Bldg3AP95
2015-03-02 15:46:46,1ba1bdb5b1bd611d0d3fb767a8d3df2c5e7113bc,Bldg3AP92
2015-03-02 15:46:54,618f8e5b5097a290705ca91f3b7e3ae91cba39c3,Bldg3AP94
2015-03-02 15:47:03,b3ae6fea6394e973a18ff088ad1f06aa26716b33,Bldg3AP91
2015-03-02 15:47:05,78e383d47d34c0cb6001699cd92892f5a2c97437,Bldg3AP91
2015-03-02 15:47:07,d8b58ed1ac058a155eeeef6713e651c019438c41,Bldg3AP94
2015-03-02 15:47:13,6824bff7b1a924bfaafcb1badea80476f30eb34a,Bldg3AP94
2015-03-02 15:47:15,a52ebf23a1d64b73e3d0f4c7a667328715043e48,Bldg3AP92
2015-03-02 15:47:18,618f8e5b5097a290705ca91f3b7e3ae91cba39c3,Bldg3AP92
2015-03-02 15:47:38,a612dde107dd97d54394f4d3c35c114c494cb871,Bldg3AP92
2015-03-02 15:47:39,310d74b7ef5caf29447e611f535159a9cab25685,Bldg3AP91
2015-03-02 15:47:40,fe7bda004d794a29b4fe74a8197af2eb272a2d41,Bldg3AP91
2015-03-02 15:47:43,bea916309fb1b95b82b9d4855957b6f886edc650,Bldg3AP91
2015-03-02 15:48:14,02abd0dbc9e2b67bfdcdb68a84b836ef1f254808,Bldg3AP92
2015-03-02 15:48:47,b4ad7d31acd0a68f5e3b025e2a355f0378d1de91,Bldg3AP91
2015-03-02 15:48:53,71f754e51366af55cc282fcf382e6945a4cbdce0,Bldg3AP91
2015-03-02 15:48:58,44363bda07f30a027b57570741a2aecaa3ab1272,Bldg3AP94
2015-03-02 15:48:58,71f754e51366af55cc282fcf382e6945a4cbdce0,Bldg3AP91
2015-03-02 15:49:12,adc1bb960f8fe078a5c1b1b7573dfe639036f8aa,Bldg3AP94
2015-03-02 15:49:13,44363bda07f30a027b57570741a2aecaa3ab1272,Bldg3AP92
2015-03-02 15:49:29,7f52ed1210c9ece31860421bcbc13403cc2484cc,Bldg3AP94
2015-03-02 15:49:30,ea1e706a2c2cd648f622bffb8316c0ffd4e6c5b1,Bldg3AP92
2015-03-02 15:49:31,45db1473a39c66704d42ee9e09b8c6a0c96bd26e,Bldg3AP95
2015-03-02 15:49:39,e344a803152c04f67213346cee3395bdb294326c,Bldg3AP91
2015-03-02 15:49:45,0c7ca116b9a66deb7e1459f8b2426b845a4036ac,Bldg3AP95
2015-03-02 15:49:46,2891da7aa2aa8a101be0e792a00e071a17b7ccb1,Bldg3AP94
2015-03-02 15:50:03,b9e54ef116b4288d76aef28eafa291f657304336,Bldg3AP94
2015-03-02 15:50:06,8ba953f09361353900d67f106011a01475553c4d,Bldg3AP95
2015-03-02 15:50:21,11953c38dc42ee154fc195a4f703eb27b279af36,Bldg3AP95
2015-03-02 15:50:28,11953c38dc42ee154fc195a4f703eb27b279af36,Bldg3AP94
2015-03-02 15:50:36,a3e9685e24df7e14ac5a01ba9a39e12f5e44b633,Bldg3AP94
2015-03-02 15:50:44,11953c38dc42ee154fc195a4f703eb27b279af36,Bldg3AP92
2015-03-02 15:51:22,39c799080ff43c4eb2853f3f7069b3fa9ea5dec3,Bldg3AP94
2015-03-02 15:51:28,7696d48a78a446a5eb7974adbfa4d2f0835f09d6,Bldg3AP95
2015-03-02 15:51:54,9a595fbd867009479f098a90dd41684dbc108905,Bldg3AP91
2015-03-02 15:52:19,013d3edf931879a48ce5e53d6ab03cd79fbb348e,Bldg3AP95
2015-03-02 15:52:36,60c83da9fb22b2d4f69dcfe156bb809bb28ace6e,Bldg3AP94
2015-03-02 15:52:37,aaaa78120710c9a6286ec31805d3ec454858b0e0,Bldg3AP94
2015-03-02 15:52:43,7a5e0148cfc2b32c0f1e70e2b8fc72806e69451f,Bldg3AP94
2015-03-02 15:52:46,60c83da9fb22b2d4f69dcfe156bb809bb28ace6e,Bldg3AP95
2015-03-02 15:52:51,013d3edf931879a48ce5e53d6ab03cd79fbb348e,Bldg3AP92
2015-03-02 15:52:52,c90bc10a10764d17f4f786f52cac275d0aeb93f8,Bldg3AP91
2015-03-02 15:52:54,7a5e0148cfc2b32c0f1e70e2b8fc72806e69451f,Bldg3AP92
2015-03-02 15:52:57,aaaa78120710c9a6286ec31805d3ec454858b0e0,Bldg3AP91
2015-03-02 15:52:58,e0a6c1bbfa52a2040935897e346f2fbf51b4e6e1,Bldg3AP94
2015-03-02 15:53:04,e0a6c1bbfa52a2040935897e346f2fbf51b4e6e1,Bldg3AP94
2015-03-02 15:53:10,d148fd96d27456e107cc158e23d5cc78552f5c12,Bldg3AP94
2015-03-02 15:53:10,1c3a5320491af0cf190be96becbcce0bc4d1fafa,Bldg3AP91
2015-03-02 15:53:25,efa9ffa275b2fdb6550db68b4fb082e257ee9bd3,Bldg3AP94
2015-03-02 15:53:27,680321e04b298c90949fa0b1dbf62c97e4aedd29,Bldg3AP91
2015-03-02 15:53:28,529e17d4844a746eac5193ac9091a5e9cc48555b,Bldg3AP95
2015-03-02 15:53:39,529e17d4844a746eac5193ac9091a5e9cc48555b,Bldg3AP92
2015-03-02 15:53:41,c6e86c0e5d0a3f22cfe03422477fc778b53b2990,Bldg3AP95
2015-03-02 15:53:45,9624bddc9626d4062c33786f33f45cb29467b76d,Bldg3AP91
2015-03-02 15:53:52,ba110872641fb8e9769891c584fa8344e9e64409,Bldg3AP94
2015-03-02 15:53:52,a600bc5a8195b47261cfdecfc68aa8dc35365712,Bldg3AP95
2015-03-02 15:54:11,d148fd96d27456e107cc158e23d5cc78552f5c12,Bldg3AP91
2015-03-02 15:54:17,ba110872641fb8e9769891c584fa8344e9e64409,Bldg3AP92
2015-03-02 15:54:22,479b94b135e0c3756ddbba92bd78fc30d3599ac9,Bldg3AP94
2015-03-02 15:54:30,dea185c6be640fff777696df8bd6977ea4e5f4fe,Bldg3AP95
2015-03-02 15:54:33,70e583bb5e4df71fbfdc6597b1f122aabdf1c696,Bldg3AP91
2015-03-02 15:54:45,d530168363e2dd31c37dac28af9a262e921a406a,Bldg3AP94
2015-03-02 15:54:52,dea185c6be640fff777696df8bd6977ea4e5f4fe,Bldg3AP94
2015-03-02 15:54:54,5aad6651286ee72399833cefd022ebd3bb1007d0,Bldg3AP94
2015-03-02 15:55:06,ff87980b7d9931c4234a0f909704f97d1be8dea6,Bldg3AP92
2015-03-02 15:55:08,dea185c6be640fff777696df8bd6977ea4e5f4fe,Bldg3AP92
2015-03-02 15:55:10,ae6802d2b3f26bf10a963181c7a977619107a83a,Bldg3AP92
2015-03-02 15:55:11,d530168363e2dd31c37dac28af9a262e921a406a,Bldg3AP92
2015-03-02 15:55:15,22968a1fb86d4fc4380dd932ba47662df138c94d,Bldg3AP92
2015-03-02 15:55:22,a600bc5a8195b47261cfdecfc68aa8dc35365712,Bldg3AP92
2015-03-02 15:55:37,3e66886186a18bea980fe1398b1600399b18fc66,Bldg3AP95
2015-03-02 15:55:46,3e66886186a18bea980fe1398b1600399b18fc66,Bldg3AP94
2015-03-02 15:56:27,6824bff7b1a924bfaafcb1badea80476f30eb34a,Bldg3AP92
2015-03-02 15:56:37,1f01d00dadf51e490f7af080b48d73692d8c5fcb,Bldg3AP92
2015-03-02 15:56:47,6824bff7b1a924bfaafcb1badea80476f30eb34a,Bldg3AP94
2015-03-02 15:57:19,8020f99aea52fec2ac108645f613080454f7ed70,Bldg3AP92
2015-03-02 15:57:55,363c595d58a0d9edf04bb0c0cebbc729afe9c5df,Bldg3AP95
2015-03-02 15:58:05,6824bff7b1a924bfaafcb1badea80476f30eb34a,Bldg3AP94
2015-03-02 15:58:06,a17721b36127b62ab8aabb3a31d8b6c3c0f0fb18,Bldg3AP92
2015-03-02 15:58:18,9359967255b873a97ad0e70839bcebccc85fd9d5,Bldg3AP91
2015-03-02 15:58:37,7f04eabe8b1fb20743bfd64b28dfacf875b377f1,Bldg3AP91
2015-03-02 15:58:54,e75f9878d8db808c6dcadef25ec862a7d59542ec,Bldg3AP94
2015-03-02 15:58:59,3d27fc97c0c102c7d27bc74454e17a080f18ede1,Bldg3AP94
2015-03-02 15:59:12,e2e33e9d5db0cd4251e3ffd0e556104176be4893,Bldg3AP91
2015-03-02 15:59:23,71a623c1e3de1d3be4d9df23ae0464f163e04ed6,Bldg3AP95
2015-03-02 15:59:25,3d2f69b3e13ee43bd05252d41b26c72a8e1006d1,Bldg3AP94
2015-03-02 15:59:40,6d690b9e48f64e76e6bf5cbc83b4d9e113c227eb,Bldg3AP91
2015-03-02 15:59:46,bb0f7494d067b5f1be164526e2b7121f5336d622,Bldg3AP94
